DepComN;NomCN;DepComA;NomCA;ChefLieu;ComDLG;Date1;Date2;Date3;;;;;;;;;;;;;;;;;
01095;Nivigne et Suran;01095;Chavannes-sur-Suran;O;O;20/05/2016;;20/07/2016;;;;;;;;;;;;;;;;;
01095;Nivigne et Suran;01172;Germagnat;N;O;20/05/2016;;20/07/2016;;;;;;;;;;;;;;;;;
01098;Chazey-Bons;01098;Chazey-Bons;O;O;30/06/2016;;20/07/2016;;;;;;;;;;;;;;;;;
01098;Chazey-Bons;01316;Pugieu;N;O;30/06/2016;;20/07/2016;;;;;;;;;;;;;;;;;
03168;Meaulne-Vitray;03168;Meaulne;O;O;19/07/2016;;28/10/2016;;;;;;;;;;;;;;;;;
03168;Meaulne-Vitray;03318;Vitray;N;O;19/07/2016;;28/10/2016;;;;;;;;;;;;;;;;;
04033;Ubaye-Serre-Ponçon;04033;Bréole (La);O;O;16/12/2016;;18/01/2017;;;;;;;;;;;;;;;;;
04033;Ubaye-Serre-Ponçon;04198;Saint-Vincent-les-Forts;N;O;16/12/2016;;18/01/2017;;;;;;;;;;;;;;;;;
05101;Vallouise-Pelvoux;05101;Pelvoux;O;O;05/09/2016;;22/10/2016;;;;;;;;;;;;;;;;;
05101;Vallouise-Pelvoux;05175;Vallouise;N;O;05/09/2016;;22/10/2016;  ;;;;;;;;;;;;;;;;
08053;Bazeilles;08053;Bazeilles;O;O;15/06/2016;;20/07/2016;;;;;;;;;;;;;;;;;
08053;Bazeilles;08371;Rubécourt-et-Lamécourt;N;O;15/06/2016;;20/07/2016;;;;;;;;;;;;;;;;;
08053;Bazeilles;08475;Villers-Cernay;N;O;15/06/2016;;20/07/2016;;;;;;;;;;;;;;;;;
08490;Vouziers;08490;Vouziers;O;O;09/05/2016;01/06/2016;20/07/2016;;;;;;;;;;;;;;;;;
08490;Vouziers;08443;Terron-sur-Aisne;N;O;09/05/2016;01/06/2016;20/07/2016;;;;;;;;;;;;;;;;;
08490;Vouziers;08493;Vrizy;N;O;09/05/2016;01/06/2016;20/07/2016;;;;;;;;;;;;;;;;;
08491;Vrigne aux Bois;08491;Vrigne-aux-Bois;O;O;15/11/2016;;18/01/2017;;;;;;;;;;;;;;;;;
08491;Vrigne aux Bois;08072;Bosseval-et-Briancourt;N;O;15/11/2016;;18/01/2017;;;;;;;;;;;;;;;;;
09062;Bordes-Uchentein;09062;Bordes-sur-Lez (Les);O;O;04/08/2016;;26/10/2016;;;;;;;;;;;;;;;;;
09062;Bordes-Uchentein;09317;Uchentein;N;O;04/08/2016;;26/10/2016;;;;;;;;;;;;;;;;;
12090;Druelle Balsac ;12090;Druelle;O;O;06/09/2016;;18/01/2017;;;;;;;;;;;;;;;;;
12090;Druelle Balsac ;12020;Balsac;N;O;06/09/2016;;18/01/2017;;;;;;;;;;;;;;;;;
14005;Valambray;14005;Airan;O;O;08/09/2016;;27/12/2016;;;;;;;;;;;;;;;;;
14005;Valambray;14074;Billy;N;O;08/09/2016;;27/12/2016;;;;;;;;;;;;;;;;;
14005;Valambray;14176;Conteville;N;O;08/09/2016;;27/12/2016;;;;;;;;;;;;;;;;;
14005;Valambray;14268;Fierville-Bray;N;O;08/09/2016;;27/12/2016;;;;;;;;;;;;;;;;;
14005;Valambray;14517;Poussy-la-Campagne;N;O;08/09/2016;;27/12/2016;;;;;;;;;;;;;;;;;
14011;Aurseulles;14011;Anctoville;O;O;08/09/2016;;27/12/2016;;;;;;;;;;;;;;;;;
14011;Aurseulles;14376;Longraye;N;O;08/09/2016;;27/12/2016;;;;;;;;;;;;;;;;;
14011;Aurseulles;14581;Saint-Germain-d'Ectot;N;O;08/09/2016;;27/12/2016;;;;;;;;;;;;;;;;;
14011;Aurseulles;14695;Torteval-Quesnay;N;O;08/09/2016;;27/12/2016;;;;;;;;;;;;;;;;;
14027;Monts d'Aunay (Les);14027;Aunay-sur-Odon;O;O;26/09/2016;;27/12/2016;;;;;;;;;;;;;;;;;
14027;Monts d'Aunay (Les);14056;Bauquay;N;O;26/09/2016;;27/12/2016;;;;;;;;;;;;;;;;;
14027;Monts d'Aunay (Les);14128;Campandré-Valcongrain;N;O;26/09/2016;;27/12/2016;;;;;;;;;;;;;;;;;
14027;Monts d'Aunay (Les);14219;Danvou-la-Ferrière;N;O;26/09/2016;;27/12/2016;;;;;;;;;;;;;;;;;
14027;Monts d'Aunay (Les);14477;Ondefontaine;N;O;26/09/2016;;27/12/2016;;;;;;;;;;;;;;;;;
14027;Monts d'Aunay (Les);14508;Plessis-Grimoult (Le);N;O;26/09/2016;;27/12/2016;;;;;;;;;;;;;;;;;
14027;Monts d'Aunay (Les);14544;Roucamps;N;O;26/09/2016;;27/12/2016;;;;;;;;;;;;;;;;;
14098;Thue et Mue;14098;Bretteville-l'Orgueilleuse;O;O;08/09/2016;;27/12/2016;;;;;;;;;;;;;;;;;
14098;Thue et Mue;14109;Brouay;N;O;08/09/2016;;27/12/2016;;;;;;;;;;;;;;;;;
14098;Thue et Mue;14157;Cheux;N;O;08/09/2016;;27/12/2016;;;;;;;;;;;;;;;;;
14098;Thue et Mue;14423;Mesnil-Patry (Le);N;O;08/09/2016;;27/12/2016;;;;;;;;;;;;;;;;;
14098;Thue et Mue;14525;Putot-en-Bessin;N;O;08/09/2016;;27/12/2016;;;;;;;;;;;;;;;;;
14098;Thue et Mue;14568;Sainte-Croix-Grand-Tonne;N;O;08/09/2016;;27/12/2016;;;;;;;;;;;;;;;;;
14143;Caumont-sur-Aure;14143;Caumont-l'Éventé;O;O;08/09/2016;;27/12/2016;;;;;;;;;;;;;;;;;
14143;Caumont-sur-Aure;14372;Livry;N;O;08/09/2016;;27/12/2016;;;;;;;;;;;;;;;;;
14143;Caumont-sur-Aure;14722;Vacquerie (La);N;O;08/09/2016;;27/12/2016;;;;;;;;;;;;;;;;;
14200;Creully sur Seulles;14200;Creully;O;O;08/09/2016;;27/12/2016;;;;;;;;;;;;;;;;;
14200;Creully sur Seulles;14577;Saint-Gabriel-Brécy;N;O;08/09/2016;;27/12/2016;;;;;;;;;;;;;;;;;
14200;Creully sur Seulles;14757;Villiers-le-Sec;N;O;08/09/2016;;27/12/2016;;;;;;;;;;;;;;;;;
14281;Formigny La Bataille;14281;Formigny;O;O;08/09/2016;;27/12/2016;;;;;;;;;;;;;;;;;
14281;Formigny La Bataille;14004;Aignerville;N;O;08/09/2016;;27/12/2016;;;;;;;;;;;;;;;;;
14281;Formigny La Bataille;14235;Écrammeville;N;O;08/09/2016;;27/12/2016;;;;;;;;;;;;;;;;;
14281;Formigny La Bataille;14382;Louvières;N;O;08/09/2016;;27/12/2016;;;;;;;;;;;;;;;;;
14342;Isigny-sur-Mer;14342;Isigny-sur-Mer;O;O;08/09/2016;;27/12/2016;;;;;;;;;;;;;;;;;
14342;Isigny-sur-Mer;14142;Castilly;N;O;08/09/2016;;27/12/2016;;;;;;;;;;;;;;;;;
14342;Isigny-sur-Mer;14481;Oubeaux (Les);N;O;08/09/2016;;27/12/2016;;;;;;;;;;;;;;;;;
14342;Isigny-sur-Mer;14462;Neuilly-la-Forêt;N;O;08/09/2016;;27/12/2016;;;;;;;;;;;;;;;;;
14342;Isigny-sur-Mer;14763;Vouilly;N;O;08/09/2016;;27/12/2016;;;;;;;;;;;;;;;;;
14347;Dialan sur Chaîne;14347;Jurques;O;O;26/09/2016;;27/12/2016;;;;;;;;;;;;;;;;;
14347;Dialan sur Chaîne;14413;Mesnil-Auzouf (Le);N;O;26/09/2016;;27/12/2016;;;;;;;;;;;;;;;;;
14349;Laize-Clinchamps;14349;Laize-la-Ville;O;O;08/09/2016;;27/12/2016;;;;;;;;;;;;;;;;;
14349;Laize-Clinchamps;14164;Clinchamps-sur-Orne;N;O;08/09/2016;;27/12/2016;;;;;;;;;;;;;;;;;
14355;Ponts sur Seulles;14355;Lantheuil;O;O;08/09/2016;;27/12/2016;;;;;;;;;;;;;;;;;
14355;Ponts sur Seulles;14008;Amblie;N;O;08/09/2016;;27/12/2016;;;;;;;;;;;;;;;;;
14355;Ponts sur Seulles;14690;Tierceville;N;O;08/09/2016;;27/12/2016;;;;;;;;;;;;;;;;;
14406;Moulins en Bessin;14406;Martragny;O;O;08/09/2016;;24/12/2016;;;;;;;;;;;;;;;;;
14406;Moulins en Bessin;14186;Coulombs;N;O;08/09/2016;;24/12/2016;;;;;;;;;;;;;;;;;
14406;Moulins en Bessin;14212;Cully;N;O;08/09/2016;;24/12/2016;;;;;;;;;;;;;;;;;
14406;Moulins en Bessin;14548;Rucqueville;N;O;08/09/2016;;24/12/2016;;;;;;;;;;;;;;;;;
14410;Méry-Bissières-en-Auge;14410;Méry-Corbon;O;O;08/09/2016;;27/12/2016;;;;;;;;;;;;;;;;;
14410;Méry-Bissières-en-Auge;14075;Bissières;N;O;08/09/2016;;27/12/2016;;;;;;;;;;;;;;;;;
14357;Terres de Druance;14357;Lassy;O;O;02/12/2016;;18/01/2017;;;;;;;;;;;;;;;;;
14357;Terres de Druance;14597;Saint-Jean-le-Blanc;N;O;02/12/2016;;18/01/2017;;;;;;;;;;;;;;;;;
14357;Terres de Druance;14662;Saint-Vigor-des-Mézerets;N;O;02/12/2016;;18/01/2017;;;;;;;;;;;;;;;;;
14431;Mézidon Vallée d'Auge;14431;Mézidon-Canon;O;O;08/09/2016;;18/01/2017;;;;;;;;;;;;;;;;;
14431;Mézidon Vallée d'Auge;14031;Authieux-Papion (Les);N;O;08/09/2016;;18/01/2017;;;;;;;;;;;;;;;;;
14431;Mézidon Vallée d'Auge;14189;Coupesarte;N;O;08/09/2016;;18/01/2017;;;;;;;;;;;;;;;;;
14431;Mézidon Vallée d'Auge;14201;Crèvecœur-en-Auge;N;O;08/09/2016;;18/01/2017;;;;;;;;;;;;;;;;;
14431;Mézidon Vallée d'Auge;14208;Croissanville;N;O;08/09/2016;;18/01/2017;;;;;;;;;;;;;;;;;
14431;Mézidon Vallée d'Auge;14313;Grandchamp-le-Château;N;O;08/09/2016;;18/01/2017;;;;;;;;;;;;;;;;;
14431;Mézidon Vallée d'Auge;14359;Lécaude;N;O;08/09/2016;;18/01/2017;;;;;;;;;;;;;;;;;
14431;Mézidon Vallée d'Auge;14386;Magny-la-Campagne;N;O;08/09/2016;;18/01/2017;;;;;;;;;;;;;;;;;
14431;Mézidon Vallée d'Auge;14387;Magny-le-Freule;N;O;08/09/2016;;18/01/2017;;;;;;;;;;;;;;;;;
14431;Mézidon Vallée d'Auge;14422;Mesnil-Mauger (Le);N;O;08/09/2016;;18/01/2017;;;;;;;;;;;;;;;;;
14431;Mézidon Vallée d'Auge;14444;Monteille;N;O;08/09/2016;;18/01/2017;;;;;;;;;;;;;;;;;
14431;Mézidon Vallée d'Auge;14493;Percy-en-Auge;N;O;08/09/2016;;18/01/2017;;;;;;;;;;;;;;;;;
14431;Mézidon Vallée d'Auge;14600;Saint-Julien-le-Faucon;N;O;08/09/2016;;18/01/2017;;;;;;;;;;;;;;;;;
14431;Mézidon Vallée d'Auge;14749;Vieux-Fumé;N;O;08/09/2016;;18/01/2017;;;;;;;;;;;;;;;;;
14456;Moult-Chicheboville;14456;Moult;O;O;08/09/2016;;27/12/2016;;;;;;;;;;;;;;;;;
14456;Moult-Chicheboville;14158;Chicheboville;N;O;08/09/2016;;27/12/2016;;;;;;;;;;;;;;;;;
14475;Val d'Arry;14475;Noyers-Missy;O;O (*);08/09/2016;;24/12/2016;;;;;;;;;;;;;;;;;
14475;Val d'Arry;14373;Locheur (Le);N;O;08/09/2016;;24/12/2016;;;;;;;;;;;;;;;;;
14475;Val d'Arry;14702;Tournay-sur-Odon;N;O;08/09/2016;;24/12/2016;;;;;;;;;;;;;;;;;
14527;Belle Vie en Auge;14527;Biéville-Quétiéville;O;O;08/09/2016;;27/12/2016;;;;;;;;;;;;;;;;;
14527;Belle Vie en Auge;14608;Saint-Loup-de-Fribois;N;O;08/09/2016;;27/12/2016;;;;;;;;;;;;;;;;;
14579;Seulline;14579;Seulline;O;O (*);26/09/2016;;27/12/2016;;;;;;;;;;;;;;;;;
14579;Seulline;14073;Bigne (La);N;O;26/09/2016;;27/12/2016;;;;;;;;;;;;;;;;;
14591;Aure sur Mer;14591;Sainte-Honorine-des-Pertes;O;O;09/12/2016;;18/01/2017;;;;;;;;;;;;;;;;;
14591;Aure sur Mer;14551;Russy;N;O;09/12/2016;;18/01/2017;;;;;;;;;;;;;;;;;
14654;Saint-Pierre-en-Auge;14654;Saint-Pierre-sur-Dives;O;O;08/09/2016;;18/01/2017;;;;;;;;;;;;;;;;;
14654;Saint-Pierre-en-Auge;14081;Boissey;N;O;08/09/2016;;18/01/2017;;;;;;;;;;;;;;;;;
14654;Saint-Pierre-en-Auge;14099;Bretteville-sur-Dives;N;O;08/09/2016;;18/01/2017;;;;;;;;;;;;;;;;;
14654;Saint-Pierre-en-Auge;14331;Hiéville;N;O;08/09/2016;;18/01/2017;;;;;;;;;;;;;;;;;
14654;Saint-Pierre-en-Auge;14472;Oudon (L');N;O;08/09/2016;;18/01/2017;;;;;;;;;;;;;;;;;
14654;Saint-Pierre-en-Auge;14433;Mittois;N;O;08/09/2016;;18/01/2017;;;;;;;;;;;;;;;;;
14654;Saint-Pierre-en-Auge;14450;Montviette;N;O;08/09/2016;;18/01/2017;;;;;;;;;;;;;;;;;
14654;Saint-Pierre-en-Auge;14489;Ouville-la-Bien-Tournée;N;O;08/09/2016;;18/01/2017;;;;;;;;;;;;;;;;;
14654;Saint-Pierre-en-Auge;14580;Saint-Georges-en-Auge;N;O;08/09/2016;;18/01/2017;;;;;;;;;;;;;;;;;
14654;Saint-Pierre-en-Auge;14616;Sainte-Marguerite-de-Viette;N;O;08/09/2016;;18/01/2017;;;;;;;;;;;;;;;;;
14654;Saint-Pierre-en-Auge;14688;Thiéville;N;O;08/09/2016;;18/01/2017;;;;;;;;;;;;;;;;;
14654;Saint-Pierre-en-Auge;14729;Vaudeloges;N;O;08/09/2016;;18/01/2017;;;;;;;;;;;;;;;;;
14654;Saint-Pierre-en-Auge;14750;Vieux-Pont-en-Auge;N;O;08/09/2016;;18/01/2017;;;;;;;;;;;;;;;;;
14658;Noues de Sienne;14658;Saint-Sever-Calvados;O;O;06/12/2016;;18/01/2017;;;;;;;;;;;;;;;;;
14658;Noues de Sienne;14151;Champ-du-Boult;N;O;06/12/2016;;18/01/2017;;;;;;;;;;;;;;;;;
14658;Noues de Sienne;14192;Courson;N;O;06/12/2016;;18/01/2017;;;;;;;;;;;;;;;;;
14658;Noues de Sienne;14279;Fontenermont;N;O;06/12/2016;;18/01/2017;;;;;;;;;;;;;;;;;
14658;Noues de Sienne;14296;Gast (Le);N;O;06/12/2016;;18/01/2017;;;;;;;;;;;;;;;;;
14658;Noues de Sienne;14415;Mesnil-Benoist (Le);N;O;06/12/2016;;18/01/2017;;;;;;;;;;;;;;;;;
14658;Noues de Sienne;14416;Mesnil-Caussois (Le);N;O;06/12/2016;;18/01/2017;;;;;;;;;;;;;;;;;
14658;Noues de Sienne;14417;Mesnil-Clinchamps;N;O;06/12/2016;;18/01/2017;;;;;;;;;;;;;;;;;
14658;Noues de Sienne;14611;Saint-Manvieu-Bocage;N;O;06/12/2016;;18/01/2017;;;;;;;;;;;;;;;;;
14658;Noues de Sienne;14671;Sept-Frères;N;O;06/12/2016;;18/01/2017;;;;;;;;;;;;;;;;;
14672;Val de Drôme;14672;Sept-Vents;O;O;26/09/2016;;27/12/2016;;;;;;;;;;;;;;;;;
14672;Val de Drôme;14217;Dampierre;N;O;26/09/2016;;27/12/2016;;;;;;;;;;;;;;;;;
14672;Val de Drôme;14350;Lande-sur-Drôme (La);N;O;26/09/2016;;27/12/2016;;;;;;;;;;;;;;;;;
14672;Val de Drôme;14596;Saint-Jean-des-Essartiers;N;O;26/09/2016;;27/12/2016;;;;;;;;;;;;;;;;;
14712;Saline;14712;Troarn;O;O;29/07/2016;;26/10/2016;;;;;;;;;;;;;;;;;
14712;Saline;14666;Sannerville;N;O;29/07/2016;;26/10/2016;;;;;;;;;;;;;;;;;
15138;Murat;15138;Murat;O;O;16/12/2016;;18/01/2017;;;;;;;;;;;;;;;;;
15138;Murat;15044;Chastel-sur-Murat ;N;O;16/12/2016;;18/01/2017;;;;;;;;;;;;;;;;;
15141;Neussargues en Pinatelle;15141;Neussargues-Moissac;O;O;21/09/2016;01/12/2016;26/10/2016;;;;;;;;;;;;;;;;;
15141;Neussargues en Pinatelle;15031;Celles;N;O;21/09/2016;01/12/2016;26/10/2016;;;;;;;;;;;;;;;;;
15141;Neussargues en Pinatelle;15035;Chalinargues;N;O;21/09/2016;01/12/2016;26/10/2016;;;;;;;;;;;;;;;;;
15141;Neussargues en Pinatelle;15047;Chavagnac;N;O;21/09/2016;01/12/2016;26/10/2016;;;;;;;;;;;;;;;;;
15141;Neussargues en Pinatelle;15171;Sainte-Anastasie;N;O;21/09/2016;01/12/2016;26/10/2016;;;;;;;;;;;;;;;;;
15142;Neuvéglise-sur-Truyère;15142;Neuvéglise;O;O;21/09/2016;;26/10/2016;;;;;;;;;;;;;;;;;
15142;Neuvéglise-sur-Truyère;15099;Lavastrie;N;O;21/09/2016;;26/10/2016;;;;;;;;;;;;;;;;;
15142;Neuvéglise-sur-Truyère;15145;Oradour;N;O;21/09/2016;;26/10/2016;;;;;;;;;;;;;;;;;
15142;Neuvéglise-sur-Truyère;15227;Sériers;N;O;21/09/2016;;26/10/2016;;;;;;;;;;;;;;;;;
16023;Aunac-sur-Charente;16023;Aunac;O;O;09/06/2016;;20/07/2016;;;;;;;;;;;;;;;;;
16023;Aunac-sur-Charente;16033;Bayers;N;O;09/06/2016;;20/07/2016;;;;;;;;;;;;;;;;;
16023;Aunac-sur-Charente;16094;Chenommet;N;O;09/06/2016;;20/07/2016;;;;;;;;;;;;;;;;;
16046;Côteaux du Blanzacais;16046;Blanzac-Porcheresse;O;O;03/11/2016;;24/12/2016;;;;;;;;;;;;;;;;;
16046;Côteaux du Blanzacais;16115;Cressac-Saint-Genis;N;O;03/11/2016;;24/12/2016;;;;;;;;;;;;;;;;;
16204;Bellevigne;16204;Malaville;O;O;22/06/2016;;23/07/2016;;;;;;;;;;;;;;;;;
16204;Bellevigne;16129;Éraville ;N;O;22/06/2016;;23/07/2016;;;;;;;;;;;;;;;;;
16204;Bellevigne;16247;Nonaville;N;O;22/06/2016;;23/07/2016;;;;;;;;;;;;;;;;;
16204;Bellevigne;16386;Touzac;N;O;22/06/2016;;23/07/2016;;;;;;;;;;;;;;;;;
16204;Bellevigne;16417;Viville;N;O;22/06/2016;;23/07/2016;;;;;;;;;;;;;;;;;
16230;Montmoreau;16230;Montmoreau-Saint-Cybard;O;O;29/06/2016;;23/07/2016;;;;;;;;;;;;;;;;;
16230;Montmoreau;16004;Aignes-et-Puypéroux;N;O;29/06/2016;;23/07/2016;;;;;;;;;;;;;;;;;
16230;Montmoreau;16294;Saint-Amant-de-Montmoreau;N;O;29/06/2016;;23/07/2016;;;;;;;;;;;;;;;;;
16230;Montmoreau;16314;Saint-Eutrope;N;O;29/06/2016;;23/07/2016;;;;;;;;;;;;;;;;;
16230;Montmoreau;16328;Saint-Laurent-de-Belzagot;N;O;29/06/2016;;23/07/2016;;;;;;;;;;;;;;;;;
19010;Argentat-sur-Dordogne;19010;Argentat;O;O;28/06/2016;;20/07/2016;;;;;;;;;;;;;;;;;
19010;Argentat-sur-Dordogne;19183;Saint-Bazile-de-la-Roche;N;O;28/06/2016;;20/07/2016;;;;;;;;;;;;;;;;;
19252;Sarroux - Saint Julien;19252;Sarroux;O;O;22/06/2016;;23/07/2016;;;;;;;;;;;;;;;;;
19252;Sarroux - Saint Julien;19218;Saint-Julien-près-Bort;N;O;22/06/2016;;23/07/2016;;;;;;;;;;;;;;;;;
21195;Cormot-Vauchignon;21195;Cormot-le-Grand;O;N;02/12/2016;;18/01/2017;;;;;;;;;;;;;;;;;
21195;Cormot-Vauchignon;21658;Vauchignon;N;N;02/12/2016;;18/01/2017;;;;;;;;;;;;;;;;;
22055;Binic-Étables-sur-Mer;22055;Étables-sur-Mer;O;O;18/02/2016;01/03/2016;19/07/2016;;;;;;;;;;;;;;;;;
22055;Binic-Étables-sur-Mer;22007;Binic;N;O;18/02/2016;01/03/2016;19/07/2016;;;;;;;;;;;;;;;;;
22107;Bon Repos sur Blavet;22107;Laniscat;O;O;30/08/2016;;27/10/2016;;;;;;;;;;;;;;;;;
22107;Bon Repos sur Blavet;22167;Perret;N;O;30/08/2016;;27/10/2016;;;;;;;;;;;;;;;;;
22107;Bon Repos sur Blavet;22290;Saint-Gelven;N;O;30/08/2016;;27/10/2016;;;;;;;;;;;;;;;;;
22158;Guerlédan;22158;Mûr-de-Bretagne;O;O;30/08/2016;;26/10/2016;;;;;;;;;;;;;;;;;
22158;Guerlédan;22298;Saint-Guen;N;O;30/08/2016;;26/10/2016;;;;;;;;;;;;;;;;;
22209;Beaussais-sur-Mer;22209;Ploubalay;O;O;30/08/2016;;26/10/2016;;;;;;;;;;;;;;;;;
22209;Beaussais-sur-Mer;22192;Plessix-Balisson;N;O;30/08/2016;;26/10/2016;;;;;;;;;;;;;;;;;
22209;Beaussais-sur-Mer;22357;Trégon;N;O;30/08/2016;;26/10/2016;;;;;;;;;;;;;;;;;
23192;Fursac;23192;Saint-Étienne-de-Fursac;O;O;29/09/2016;;27/12/2016;;;;;;;;;;;;;;;;;
23192;Fursac;23231;Saint-Pierre-de-Fursac;N;O;29/09/2016;;27/12/2016;;;;;;;;;;;;;;;;;
24026;Bassillac et Auberoche;24026;Bassillac;O;O;29/06/2016;;27/10/2016;;;;;;;;;;;;;;;;;
24026;Bassillac et Auberoche;24044;Blis-et-Born;N;O;29/06/2016;;27/10/2016;;;;;;;;;;;;;;;;;
24026;Bassillac et Auberoche;24103;Change (Le);N;O;29/06/2016;;27/10/2016;;;;;;;;;;;;;;;;;
24026;Bassillac et Auberoche;24166;Eyliac;N;O;29/06/2016;;27/10/2016;;;;;;;;;;;;;;;;;
24026;Bassillac et Auberoche;24270;Milhac-d'Auberoche;N;O;29/06/2016;;27/10/2016;;;;;;;;;;;;;;;;;
24026;Bassillac et Auberoche;24369;Saint-Antoine-d'Auberoche;N;O;29/06/2016;;27/10/2016;;;;;;;;;;;;;;;;;
24053;Boulazac Isle Manoire;24053;Boulazac Isle Manoire;O;O (*);26/09/2016;;26/10/2016;;;;;;;;;;;;;;;;;
24053;Boulazac Isle Manoire;24447;Sainte-Marie-de-Chignac;N;O;26/09/2016;;26/10/2016;;;;;;;;;;;;;;;;;
24087;Castels et Bézenac;24087;Castels;O;O;29/06/2016;;29/10/2016;;;;;;;;;;;;;;;;;
24087;Castels et Bézenac;24041;Bézenac;N;O;29/06/2016;;29/10/2016;;;;;;;;;;;;;;;;;
24117;Coteaux Périgourdins (Les);24117;Chavagnac;O;O;29/06/2016;;27/10/2016;;;;;;;;;;;;;;;;;
24117;Coteaux Périgourdins (Les);24204;Grèzes;N;O;29/06/2016;;27/10/2016;;;;;;;;;;;;;;;;;
24147;Cubjac-Auvézère-Val d'Ans;24147;Cubjac;O;O;26/09/2016;;22/10/2016;;;;;;;;;;;;;;;;;
24147;Cubjac-Auvézère-Val d'Ans;24047;Boissière-d'Ans (La);N;O;26/09/2016;;22/10/2016;;;;;;;;;;;;;;;;;
24147;Cubjac-Auvézère-Val d'Ans;24475;Saint-Pantaly-d'Ans;N;O;26/09/2016;;22/10/2016;;;;;;;;;;;;;;;;;
24216;Jemaye-Ponteyraud (La);24216;Jemaye (La);O;O;01/12/2016;;18/01/2017;;;;;;;;;;;;;;;;;
24216;Jemaye-Ponteyraud (La);24333;Ponteyraud;N;O;01/12/2016;;18/01/2017;;;;;;;;;;;;;;;;;
24253;Mareuil en Périgord;24253;Mareuil;O;O;26/09/2016;;29/10/2016;;;;;;;;;;;;;;;;;
24253;Mareuil en Périgord;24033;Beaussac;N;O;26/09/2016;;29/10/2016;;;;;;;;;;;;;;;;;
24253;Mareuil en Périgord;24099;Champeaux-et-la-Chapelle-Pommier;N;O;26/09/2016;;29/10/2016;;;;;;;;;;;;;;;;;
24253;Mareuil en Périgord;24203;Graulges (Les);N;O;26/09/2016;;29/10/2016;;;;;;;;;;;;;;;;;
24253;Mareuil en Périgord;24235;Léguillac-de-Cercles;N;O;26/09/2016;;29/10/2016;;;;;;;;;;;;;;;;;
24253;Mareuil en Périgord;24283;Monsec;N;O;26/09/2016;;29/10/2016;;;;;;;;;;;;;;;;;
24253;Mareuil en Périgord;24344;Puyrenier;N;O;26/09/2016;;29/10/2016;;;;;;;;;;;;;;;;;
24253;Mareuil en Périgord;24503;Saint-Sulpice-de-Mareuil;N;O;26/09/2016;;29/10/2016;;;;;;;;;;;;;;;;;
24253;Mareuil en Périgord;24579;Vieux-Mareuil;N;O;26/09/2016;;29/10/2016;;;;;;;;;;;;;;;;;
24312;Sanilhac;24312;Notre-Dame-de-Sanilhac;O;O;26/09/2016;;27/10/2016;;;;;;;;;;;;;;;;;
24312;Sanilhac;24065;Breuilh;N;O;26/09/2016;;27/10/2016;;;;;;;;;;;;;;;;;
24312;Sanilhac;24258;Marsaneix;N;O;26/09/2016;;27/10/2016;;;;;;;;;;;;;;;;;
24362;Val de Louyre et Caudeau;24362;Sainte-Alvère-Saint-Laurent Les Bâtons;O;O (*);26/09/2016;;27/10/2016;;;;;;;;;;;;;;;;;
24362;Val de Louyre et Caudeau;24092;Cendrieux;N;O;26/09/2016;;27/10/2016;;;;;;;;;;;;;;;;;
24490;Saint Privat en Périgord;24490;Saint-Privat-des-Prés;O;O;26/09/2016;;27/10/2016;;;;;;;;;;;;;;;;;
24490;Saint Privat en Périgord;24178;Festalemps;N;O;26/09/2016;;27/10/2016;;;;;;;;;;;;;;;;;
24490;Saint Privat en Périgord;24368;Saint-Antoine-Cumond;N;O;26/09/2016;;27/10/2016;;;;;;;;;;;;;;;;;
24554;Tour-Blanche-Cercles (La);24554;Tour-Blanche (La);O;O;26/09/2016;;23/10/2016;;;;;;;;;;;;;;;;;
24554;Tour-Blanche-Cercles (La);24093;Cercles;N;O;26/09/2016;;23/10/2016;;;;;;;;;;;;;;;;;
25147;Chemaudin et Vaux;25147;Chemaudin;O;N;12/08/2016;;22/10/2016;;;;;;;;;;;;;;;;;
25147;Chemaudin et Vaux;25593;Vaux-les-Prés;N;N;12/08/2016;;22/10/2016;;;;;;;;;;;;;;;;;
25156;Pays de Clerval;25156;Clerval;O;N;09/08/2016;;22/10/2016;;;;;;;;;;;;;;;;;
25156;Pays de Clerval;25531;Santoche;N;N;09/08/2016;;22/10/2016;;;;;;;;;;;;;;;;;
25222;Étalans;25222;Étalans;O;N;12/08/2016;;22/10/2016;;;;;;;;;;;;;;;;;
25222;Étalans;25123;Charbonnières-les-Sapins;N;N;12/08/2016;;22/10/2016;;;;;;;;;;;;;;;;;
25222;Étalans;25610;Verrières-du-Grosbois;N;N;12/08/2016;;22/10/2016;;;;;;;;;;;;;;;;;
25334;Levier;25334;Levier;O;N;16/11/2016;;27/12/2016;;;;;;;;;;;;;;;;;
25334;Levier;25319;Labergement-du-Navois;N;N;16/11/2016;;27/12/2016;;;;;;;;;;;;;;;;;
25460;Val (Le);25460;Pointvillers;O;N;23/11/2016;;27/12/2016;;;;;;;;;;;;;;;;;
25460;Val (Le);25399;Montfort;N;N;23/11/2016;;27/12/2016;;;;;;;;;;;;;;;;;
25575;Vaire;25575;Vaire-Arcier;O;N;12/05/2016;01/06/2016;20/07/2016;;;;;;;;;;;;;;;;;
25575;Vaire;25576;Vaire-le-Petit;N;N;12/05/2016;01/06/2016;20/07/2016;;;;;;;;;;;;;;;;;
27062;Monts du Roumois (Les);27062;Berville-en-Roumois;O;O;03/08/2016;;27/10/2016;;;;;;;;;;;;;;;;;
27062;Monts du Roumois (Les);27092;Bosguérard-de-Marcouville;N;O;03/08/2016;;27/10/2016;;;;;;;;;;;;;;;;;
27062;Monts du Roumois (Les);27344;Houlbec-près-le-Gros-Theil;N;O;03/08/2016;;27/10/2016;;;;;;;;;;;;;;;;;
27089;Thénouville;27089;Bosc-Renoult-en-Roumois;O;O;03/08/2016;;26/10/2016;;;;;;;;;;;;;;;;;
27089;Thénouville;27626;Theillement;N;O;03/08/2016;;26/10/2016;;;;;;;;;;;;;;;;;
27090;Bosroumois;27090;Bosc-Roger-en-Roumois (Le);O;O;03/08/2016;;28/10/2016;;;;;;;;;;;;;;;;;
27090;Bosroumois;27093;Bosnormand;N;O;03/08/2016;;28/10/2016;;;;;;;;;;;;;;;;;
27294;Val d'Orger;27294;Grainville;O;O;03/08/2016;;28/10/2016;;;;;;;;;;;;;;;;;
27294;Val d'Orger;27274;Gaillardbois-Cressenville;N;O;03/08/2016;;28/10/2016;;;;;;;;;;;;;;;;;
27412;Terres de Bord;27412;Montaure;O;O;16/12/2016;;18/01/2017;;;;;;;;;;;;;;;;;
27412;Terres de Bord;27648;Tostes;N;O;16/12/2016;;18/01/2017;;;;;;;;;;;;;;;;;
27425;Nassandres sur Risle;27425;Nassandres;O;O;03/08/2016;;26/10/2016;;;;;;;;;;;;;;;;;
27425;Nassandres sur Risle;27131;Carsix;N;O;03/08/2016;;26/10/2016;;;;;;;;;;;;;;;;;
27425;Nassandres sur Risle;27253;Fontaine-la-Soret;N;O;03/08/2016;;26/10/2016;;;;;;;;;;;;;;;;;
27425;Nassandres sur Risle;27452;Perriers-la-Campagne;N;O;03/08/2016;;26/10/2016;;;;;;;;;;;;;;;;;
27448;Pacy-sur-Eure;27448;Pacy-sur-Eure;O;O;03/08/2016;;26/10/2016;;;;;;;;;;;;;;;;;
27448;Pacy-sur-Eure;27510;Saint-Aquilin-de-Pacy;N;O;03/08/2016;;26/10/2016;;;;;;;;;;;;;;;;;
27554;Chapelle-Longueville (La);27554;Saint-Just;O;O;03/08/2016;;27/10/2016;;;;;;;;;;;;;;;;;
27554;Chapelle-Longueville (La);27150;Chapelle-Réanville (La);N;O;03/08/2016;;27/10/2016;;;;;;;;;;;;;;;;;
27554;Chapelle-Longueville (La);27588;Saint-Pierre-d'Autils;N;O;03/08/2016;;27/10/2016;;;;;;;;;;;;;;;;;
27676;Trois Lacs (Les);27676;Venables;O;O;03/08/2016;;26/10/2016;;;;;;;;;;;;;;;;;
27676;Trois Lacs (Les);27058;Bernières-sur-Seine;N;O;03/08/2016;;26/10/2016;;;;;;;;;;;;;;;;;
27676;Trois Lacs (Les);27647;Tosny ;N;O;03/08/2016;;26/10/2016;;;;;;;;;;;;;;;;;
27679;Verneuil d'Avre et d'Iton;27679;Verneuil-sur-Avre;O;O;03/08/2016;;28/10/2016;;;;;;;;;;;;;;;;;
27679;Verneuil d'Avre et d'Iton;27265;Francheville;N;O;03/08/2016;;28/10/2016;;;;;;;;;;;;;;;;;
28012;Commune nouvelle d'Arrou;28012;Arrou;O;O;25/05/2016;;20/07/2016;;;;;;;;;;;;;;;;;
28012;Commune nouvelle d'Arrou;28044;Boisgasson;N;O;25/05/2016;;20/07/2016;;;;;;;;;;;;;;;;;
28012;Commune nouvelle d'Arrou;28093;Châtillon-en-Dunois;N;O;25/05/2016;;20/07/2016;;;;;;;;;;;;;;;;;
28012;Commune nouvelle d'Arrou;28115;Courtalain;N;O;25/05/2016;;20/07/2016;;;;;;;;;;;;;;;;;
28012;Commune nouvelle d'Arrou;28204;Langey;N;O;25/05/2016;;20/07/2016;;;;;;;;;;;;;;;;;
28012;Commune nouvelle d'Arrou;28356;Saint-Pellerin;N;O;25/05/2016;;20/07/2016;;;;;;;;;;;;;;;;;
28103;Cloyes-les-Trois-Rivières;28103;Cloyes-sur-le-Loir;O;O;25/05/2016;;20/07/2016;;;;;;;;;;;;;;;;;
28103;Cloyes-les-Trois-Rivières;28017;Autheuil;N;O;25/05/2016;;20/07/2016;;;;;;;;;;;;;;;;;
28103;Cloyes-les-Trois-Rivières;28083;Charray;N;O;25/05/2016;;20/07/2016;;;;;;;;;;;;;;;;;
28103;Cloyes-les-Trois-Rivières;28133;Douy;N;O;25/05/2016;;20/07/2016;;;;;;;;;;;;;;;;;
28103;Cloyes-les-Trois-Rivières;28150;Ferté-Villeneuil (La);N;O;25/05/2016;;20/07/2016;;;;;;;;;;;;;;;;;
28103;Cloyes-les-Trois-Rivières;28241;Mée (Le);N;O;25/05/2016;;20/07/2016;;;;;;;;;;;;;;;;;
28103;Cloyes-les-Trois-Rivières;28262;Montigny-le-Gannelon;N;O;25/05/2016;;20/07/2016;;;;;;;;;;;;;;;;;
28103;Cloyes-les-Trois-Rivières;28318;Romilly-sur-Aigre;N;O;25/05/2016;;20/07/2016;;;;;;;;;;;;;;;;;
28103;Cloyes-les-Trois-Rivières;28340;Saint-Hilaire-sur-Yerre;N;O;25/05/2016;;20/07/2016;;;;;;;;;;;;;;;;;
28330;Villemaury;28330;Saint-Cloud-en-Dunois;O;O;09/09/2016;;27/12/2016;;;;;;;;;;;;;;;;;
28330;Villemaury;28101;Civry;N;O;09/09/2016;;27/12/2016;;;;;;;;;;;;;;;;;
28330;Villemaury;28224;Lutz-en-Dunois;N;O;09/09/2016;;27/12/2016;;;;;;;;;;;;;;;;;
28330;Villemaury;28295;Ozoir-le-Breuil;N;O;09/09/2016;;27/12/2016;;;;;;;;;;;;;;;;;
29021;Plounéour-Brignogan-plages;29021;Brignogan-Plages;O;O;29/06/2016;;23/07/2016;;;;;;;;;;;;;;;;;
29021;Plounéour-Brignogan-plages;29203;Plounéour-Trez;N;O;29/06/2016;;23/07/2016;;;;;;;;;;;;;;;;;
29076;Milizac-Guipronvel;29076;Guipronvel;O;O;29/06/2016;;23/07/2016;;;;;;;;;;;;;;;;;
29076;Milizac-Guipronvel;29149;Milizac;N;O;29/06/2016;;23/07/2016;;;;;;;;;;;;;;;;;
31412;Péguilhan;31412;Péguilhan;O;O;04/08/2016;;27/12/2016;;;;;;;;;;;;;;;;;
31412;Péguilhan;31307;Lunax;N;O;04/08/2016;;27/12/2016;;;;;;;;;;;;;;;;;
33106;Castets et Castillon;33106;Castets-en-Dorthe;O;O;01/08/2016;;26/10/2016;;;;;;;;;;;;;;;;;
33106;Castets et Castillon;33107;Castillon-de-Castets;N;O;01/08/2016;;26/10/2016;;;;;;;;;;;;;;;;;
33268;Margaux-Cantenac;33268;Margaux;O;N;17/11/2016;;24/12/2016;;;;;;;;;;;;;;;;;
33268;Margaux-Cantenac;33091;Cantenac;N;O;17/11/2016;;24/12/2016;;;;;;;;;;;;;;;;;
35069;Châteaugiron;35069;Châteaugiron;O;O;13/06/2016;;23/07/2016;;;;;;;;;;;;;;;;;
35069;Châteaugiron;35254;Saint-Aubin-du-Pavail;N;O;13/06/2016;;23/07/2016;;;;;;;;;;;;;;;;;
35069;Châteaugiron;35209;Ossé;N;O;13/06/2016;;23/07/2016;;;;;;;;;;;;;;;;;
35168;Val d'Anast;35168;Maure-de-Bretagne;O;O;29/08/2016;;22/10/2016;;;;;;;;;;;;;;;;;
35168;Val d'Anast;35048;Campel;N;O;29/08/2016;;22/10/2016;;;;;;;;;;;;;;;;;
35191;Portes du Coglais (Les);35191;Montours;O;O;30/09/2016;;24/12/2016;;;;;;;;;;;;;;;;;
35191;Portes du Coglais (Les);35083;Coglès;N;O;30/09/2016;;24/12/2016;;;;;;;;;;;;;;;;;
35191;Portes du Coglais (Les);35323;Selle-en-Coglès (La);N;O;30/09/2016;;24/12/2016;;;;;;;;;;;;;;;;;
35257;Maen Roch;35257;Saint-Brice-en-Coglès;O;O;29/08/2016;;26/10/2016;;;;;;;;;;;;;;;;;
35257;Maen Roch;35267;Saint-Étienne-en-Coglès;N;O;29/08/2016;;26/10/2016;;;;;;;;;;;;;;;;;
37021;Beaumont-Louestault;37021;Beaumont-la-Ronce;O;O;13/12/2016;;20/01/2017;;;;;;;;;;;;;;;;;
37021;Beaumont-Louestault;37135;Louestault;N;O;13/12/2016;;20/01/2017;;;;;;;;;;;;;;;;;
37123;Langeais;37123;Langeais;O;O;30/09/2016;;24/12/2016;;;;;;;;;;;;;;;;;
37123;Langeais;37102;Essards (Les);N;O;30/09/2016;;24/12/2016;;;;;;;;;;;;;;;;;
37232;Côteaux-sur-Loire;37232;Saint-Patrice;O;O;30/09/2016;;24/12/2016;;;;;;;;;;;;;;;;;
37232;Côteaux-sur-Loire;37120;Ingrandes-de-Touraine;N;O;30/09/2016;;24/12/2016;;;;;;;;;;;;;;;;;
37232;Côteaux-sur-Loire;37227;Saint-Michel-sur-Loire;N;O;30/09/2016;;24/12/2016;;;;;;;;;;;;;;;;;
38253;Deux Alpes (Les);38253;Mont-de-Lans;O;O;02/09/2016;;27/12/2016;;;;;;;;;;;;;;;;;
38253;Deux Alpes (Les);38534;Vénosc;N;O;02/09/2016;;27/12/2016;;;;;;;;;;;;;;;;;
38292;Villages du Lac de Paladru;38292;Paladru;O;O;29/07/2016;;28/10/2016;;;;;;;;;;;;;;;;;
38292;Villages du Lac de Paladru;38305;Pin (Le);N;O;29/07/2016;;28/10/2016;;;;;;;;;;;;;;;;;
38297;Arandon-Passins;38297;Passins;O;O;29/07/2016;;28/10/2016;;;;;;;;;;;;;;;;;
38297;Arandon-Passins;38014;Arandon;N;O;29/07/2016;;28/10/2016;;;;;;;;;;;;;;;;;
38407;Sure en Chartreuse (La);38407;Saint-Julien-de-Raz;O;N;02/09/2016;;24/12/2016;;;;;;;;;;;;;;;;;
38407;Sure en Chartreuse (La);38312;Pommiers-la-Placette;N;N;02/09/2016;;24/12/2016;;;;;;;;;;;;;;;;;
38456;Châtel-en-Trièves;38456;Saint-Sébastien;O;O;18/11/2016;;27/12/2016;;;;;;;;;;;;;;;;;
38456;Châtel-en-Trièves;38125;Cordéac;N;O;18/11/2016;;27/12/2016;;;;;;;;;;;;;;;;;
39018;Aromas;39018;Aromas;O;O;15/12/2016;;18/01/2017;;;;;;;;;;;;;;;;;
39018;Aromas;39566;Villeneuve-lès-Charnod;N;O;15/12/2016;;18/01/2017;;;;;;;;;;;;;;;;;
39273;Montlainsia;39273;Lains;O;O;27/05/2016;;20/07/2016;;;;;;;;;;;;;;;;;
39273;Montlainsia;39195;Dessia;N;O;27/05/2016;;20/07/2016;;;;;;;;;;;;;;;;;
39273;Montlainsia;39347;Montagna-le-Templier;N;O;27/05/2016;;20/07/2016;;;;;;;;;;;;;;;;;
39290;Valzin en Petite Montagne;39290;Légna;O;N;04/07/2016;;26/10/2016;;;;;;;;;;;;;;;;;
39290;Valzin en Petite Montagne;39123;Chatonnay;N;N;04/07/2016;;26/10/2016;;;;;;;;;;;;;;;;;
39290;Valzin en Petite Montagne;39224;Fétigny;N;N;04/07/2016;;26/10/2016;;;;;;;;;;;;;;;;;
39290;Valzin en Petite Montagne;39506;Savigna;N;N;04/07/2016;;26/10/2016;;;;;;;;;;;;;;;;;
39378;Trois Châteaux (Les);39378;Nanc-lès-Saint-Amour;O;O;18/03/2016;01/04/2016;17/07/2016;;;;;;;;;;;;;;;;;
39378;Trois Châteaux (Les);39023;Aubépin (L');N;O;18/03/2016;01/04/2016;17/07/2016;;;;;;;;;;;;;;;;;
39378;Trois Châteaux (Les);39135;Chazelles;N;O;18/03/2016;01/04/2016;17/07/2016;;;;;;;;;;;;;;;;;
39485;Val Suran;39485;Saint-Julien;O;O;15/11/2016;;28/12/2016;;;;;;;;;;;;;;;;;
39485;Val Suran;39069;Bourcia;N;O;15/11/2016;;28/12/2016;;;;;;;;;;;;;;;;;
39485;Val Suran;39303;Louvenne;N;O;15/11/2016;;28/12/2016;;;;;;;;;;;;;;;;;
39485;Val Suran;39564;Villechantria;N;O;15/11/2016;;28/12/2016;;;;;;;;;;;;;;;;;
39491;Coteaux du Lizon;39491;Saint-Lupicin;O;O;04/07/2016;;22/10/2016;;;;;;;;;;;;;;;;;
39491;Coteaux du Lizon;39186;Cuttura;N;O;04/07/2016;;22/10/2016;;;;;;;;;;;;;;;;;
39510;Septmoncel les Molunes;39510;Septmoncel;O;O;15/12/2016;;18/01/2017;;;;;;;;;;;;;;;;;
39510;Septmoncel les Molunes;39341;Molunes (Les);N;O;15/12/2016;;18/01/2017;;;;;;;;;;;;;;;;;
39530;Thoirette-Coisia;39530;Thoirette;O;O;19/12/2016;;18/01/2017;;;;;;;;;;;;;;;;;
39530;Thoirette-Coisia;39158;Coisia;N;O;19/12/2016;;18/01/2017;;;;;;;;;;;;;;;;;
39537;Trenal;39537;Trenal;O;O;08/06/2016;;20/07/2016;;;;;;;;;;;;;;;;;
39537;Trenal;39309;Mallerey;N;O;08/06/2016;;20/07/2016;;;;;;;;;;;;;;;;;
39576;Val-Sonnette;39576;Vincelles;O;O;04/07/2016;;22/10/2016;;;;;;;;;;;;;;;;;
39576;Val-Sonnette;39064;Bonnaud;N;O;04/07/2016;;22/10/2016;;;;;;;;;;;;;;;;;
39576;Val-Sonnette;39264;Grusse;N;O;04/07/2016;;22/10/2016;;;;;;;;;;;;;;;;;
39576;Val-Sonnette;39549;Vercia;N;O;04/07/2016;;22/10/2016;;;;;;;;;;;;;;;;;
39577;Vincent-Froideville;39577;Vincent;O;N;11/03/2016;01/04/2016;22/07/2016;;;;;;;;;;;;;;;;;
39577;Vincent-Froideville;39243;Froideville;N;O;11/03/2016;01/04/2016;22/07/2016;;;;;;;;;;;;;;;;;
40243;Rion-des-Landes;40243;Rion-des-Landes;O;O;25/11/2016;;27/12/2016;;;;;;;;;;;;;;;;;
40243;Rion-des-Landes;40048;Boos;N;O;25/11/2016;;27/12/2016;;;;;;;;;;;;;;;;;
41055;Valloire-sur-Cisse;41055;Chouzy-sur-Cisse;O;O;04/06/2016;;20/07/2016;;;;;;;;;;;;;;;;;
41055;Valloire-sur-Cisse;41064;Coulanges;N;O;04/06/2016;;20/07/2016;;;;;;;;;;;;;;;;;
41055;Valloire-sur-Cisse;41240;Seillac;N;O;04/06/2016;;20/07/2016;;;;;;;;;;;;;;;;;
41142;Valencisse;41142;Valencisse;O;O (*);27/07/2016;;27/10/2016;;;;;;;;;;;;;;;;;
41142;Valencisse;41033;Chambon-sur-Cisse;N;O;27/07/2016;;27/10/2016;;;;;;;;;;;;;;;;;
41167;Veuzain-sur-Loire;41167;Onzain;O;O;26/09/2016;;27/12/2016;;;;;;;;;;;;;;;;;
41167;Veuzain-sur-Loire;41272;Veuves;N;O;26/09/2016;;27/12/2016;;;;;;;;;;;;;;;;;
41171;Oucques La Nouvelle;41171;Oucques;O;O;30/09/2016;;27/12/2016;;;;;;;;;;;;;;;;;
41171;Oucques La Nouvelle;41011;Baigneaux;N;O;30/09/2016;;27/12/2016;;;;;;;;;;;;;;;;;
41171;Oucques La Nouvelle;41015;Beauvilliers;N;O;30/09/2016;;27/12/2016;;;;;;;;;;;;;;;;;
41171;Oucques La Nouvelle;41210;Sainte-Gemmes;N;O;30/09/2016;;27/12/2016;;;;;;;;;;;;;;;;;
43221;Saint-Privat-d'Allier;43221;Saint-Privat-d'Allier;O;N;27/09/2016;;24/12/2016;;;;;;;;;;;;;;;;;
43221;Saint-Privat-d'Allier;43176;Saint-Didier-d'Allier;N;O;27/09/2016;;24/12/2016;;;;;;;;;;;;;;;;;
45051;Bray-Saint-Aignan;45051;Bray-en-Val;O;O;25/07/2016;;27/10/2016;;;;;;;;;;;;;;;;;
45051;Bray-Saint-Aignan;45267;Saint-Aignan-des-Gués;N;O;25/07/2016;;27/10/2016;;;;;;;;;;;;;;;;;
46063;Castelnau Montratier-Sainte Alauzie;46063;Castelnau-Montratier ;O;O;03/08/2016;;18/01/2017;;;;;;;;;;;;;;;;;
46063;Castelnau Montratier-Sainte Alauzie;46248;Sainte-Alauzie ;N;O;03/08/2016;;18/01/2017;;;;;;;;;;;;;;;;;
46156;Bellefont-La Rauze;46156;Laroque-des-Arcs;O;O;21/11/2016;;18/01/2017;;;;;;;;;;;;;;;;;
46156;Bellefont-La Rauze;46077;Cours;N;O;21/11/2016;;18/01/2017;;;;;;;;;;;;;;;;;
46156;Bellefont-La Rauze;46327;Valroufié;N;O;21/11/2016;;18/01/2017;;;;;;;;;;;;;;;;;
46268;Saint Géry-Vers;46268;Saint-Géry;O;O;21/11/2016;;18/01/2017;;;;;;;;;;;;;;;;;
46268;Saint Géry-Vers;46331;Vers;N;O;21/11/2016;;18/01/2017;;;;;;;;;;;;;;;;;
48009;Peyre en Aubrac;48009;Aumont-Aubrac;O;O;15/09/2016;;18/01/2017;;;;;;;;;;;;;;;;;
48009;Peyre en Aubrac;48047;Chaze-de-Peyre (La);N;O;15/09/2016;;18/01/2017;;;;;;;;;;;;;;;;;
48009;Peyre en Aubrac;48060;Fau-de-Peyre;N;O;15/09/2016;;18/01/2017;;;;;;;;;;;;;;;;;
48009;Peyre en Aubrac;48076;Javols;N;O;15/09/2016;;18/01/2017;;;;;;;;;;;;;;;;;
48009;Peyre en Aubrac;48142;Sainte-Colombe-de-Peyre;N;O;15/09/2016;;18/01/2017;;;;;;;;;;;;;;;;;
48009;Peyre en Aubrac;48183;Saint-Sauveur-de-Peyre;N;O;15/09/2016;;18/01/2017;;;;;;;;;;;;;;;;;
48027;Mont Lozère et Goulet;48027;Bleymard (Le);O;O;23/05/2016;;20/07/2016;;;;;;;;;;;;;;;;;
48027;Mont Lozère et Goulet;48014;Bagnols-les-Bains;N;O;23/05/2016;;20/07/2016;;;;;;;;;;;;;;;;;
48027;Mont Lozère et Goulet;48023;Belvezet;N;O;23/05/2016;;20/07/2016;;;;;;;;;;;;;;;;;
48027;Mont Lozère et Goulet;48040;Chasseradès;N;O;23/05/2016;;20/07/2016;;;;;;;;;;;;;;;;;
48027;Mont Lozère et Goulet;48093;Mas-d'Orcières;N;O;23/05/2016;;20/07/2016;;;;;;;;;;;;;;;;;
48027;Mont Lozère et Goulet;48164;Saint-Julien-du-Tournel;N;O;23/05/2016;;20/07/2016;;;;;;;;;;;;;;;;;
48087;Prinsuéjols-Malbouzon;48087;Malbouzon;O;O;03/08/2016;;28/10/2016;;;;;;;;;;;;;;;;;
48087;Prinsuéjols-Malbouzon;48120;Prinsuéjols;N;O;03/08/2016;;28/10/2016;;;;;;;;;;;;;;;;;
48094;Massegros Causses Gorges;48094;Massegros (Le);O;O;22/12/2016;;18/01/2017;;;;;;;;;;;;;;;;;
48094;Massegros Causses Gorges;48125;Recoux (Le);N;O;22/12/2016;;18/01/2017;;;;;;;;;;;;;;;;;
48094;Massegros Causses Gorges;48154;Saint-Georges-de-Lévéjac;N;O;22/12/2016;;18/01/2017;;;;;;;;;;;;;;;;;
48094;Massegros Causses Gorges;48180;Saint-Rome-de-Dolan;N;O;22/12/2016;;18/01/2017;;;;;;;;;;;;;;;;;
48094;Massegros Causses Gorges;48195;Vignes (Les);N;O;22/12/2016;;18/01/2017;;;;;;;;;;;;;;;;;
48139;Saint Bonnet-Laval;48139;Saint-Bonnet-de-Montauroux;O;O;13/09/2016;;26/10/2016;;;;;;;;;;;;;;;;;
48139;Saint Bonnet-Laval;48084;Laval-Atger;N;O;13/09/2016;;26/10/2016;;;;;;;;;;;;;;;;;
48146;Gorges du Tarn Causses;48146;Sainte-Enimie;O;O;04/07/2016;;26/10/2016;;;;;;;;;;;;;;;;;
48146;Gorges du Tarn Causses;48101;Montbrun;N;O;04/07/2016;;26/10/2016;;;;;;;;;;;;;;;;;
48146;Gorges du Tarn Causses;48122;Quézac;N;O;04/07/2016;;26/10/2016;;;;;;;;;;;;;;;;;
49050;Brissac Loire Aubance;49050;Brissac-Quincé ;O;O;06/09/2016;15/12/2016;24/12/2016;;;;;;;;;;;;;;;;;
49050;Brissac Loire Aubance;49001;Alleuds (Les);N;O;06/09/2016;15/12/2016;24/12/2016;;;;;;;;;;;;;;;;;
49050;Brissac Loire Aubance;49078;Charcé-Saint-Ellier-sur-Aubance;N;O;06/09/2016;15/12/2016;24/12/2016;;;;;;;;;;;;;;;;;
49050;Brissac Loire Aubance;49186;Luigné;N;O;06/09/2016;15/12/2016;24/12/2016;;;;;;;;;;;;;;;;;
49050;Brissac Loire Aubance;49317;Saint-Rémy-la-Varenne;N;O;06/09/2016;15/12/2016;24/12/2016;;;;;;;;;;;;;;;;;
49050;Brissac Loire Aubance;49318;Saint-Saturnin-sur-Loire;N;O;06/09/2016;15/12/2016;24/12/2016;;;;;;;;;;;;;;;;;
49050;Brissac Loire Aubance;49327;Saulgé-l'Hôpital;N;O;06/09/2016;15/12/2016;24/12/2016;;;;;;;;;;;;;;;;;
49050;Brissac Loire Aubance;49363;Vauchrétien;N;O;06/09/2016;15/12/2016;24/12/2016;;;;;;;;;;;;;;;;;
49050;Brissac Loire Aubance;49091;Chemellier;N;O;06/09/2016;15/12/2016;24/12/2016;;;;;;;;;;;;;;;;;
49050;Brissac Loire Aubance;49115;Coutures;N;O;06/09/2016;15/12/2016;24/12/2016;;;;;;;;;;;;;;;;;
49065;Hauts d'Anjou (Les);49065;Champigné;O;O;28/10/2016;15/12/2016;18/01/2017;;;;;;;;;;;;;;;;;
49065;Hauts d'Anjou (Les);49051;Brissarthe;N;O;28/10/2016;15/12/2016;18/01/2017;;;;;;;;;;;;;;;;;
49065;Hauts d'Anjou (Les);49096;Cherré;N;O;28/10/2016;15/12/2016;18/01/2017;;;;;;;;;;;;;;;;;
49065;Hauts d'Anjou (Les);49105;Contigné;N;O;28/10/2016;15/12/2016;18/01/2017;;;;;;;;;;;;;;;;;
49065;Hauts d'Anjou (Les);49189;Marigné;N;O;28/10/2016;15/12/2016;18/01/2017;;;;;;;;;;;;;;;;;
49065;Hauts d'Anjou (Les);49254;Querré;N;O;28/10/2016;15/12/2016;18/01/2017;;;;;;;;;;;;;;;;;
49065;Hauts d'Anjou (Les);49335;Sœurdres;N;O;28/10/2016;15/12/2016;18/01/2017;;;;;;;;;;;;;;;;;
49086;Terranjou;49086;Chavagnes;O;O;10/11/2016;;18/01/2017;;;;;;;;;;;;;;;;;
49086;Terranjou;49191;Martigné-Briand;N;O;10/11/2016;;18/01/2017;;;;;;;;;;;;;;;;;
49086;Terranjou;49227;Notre-Dame-d'Allençon;N;O;10/11/2016;;18/01/2017;;;;;;;;;;;;;;;;;
49125;Doué-en-Anjou;49125;Doué-la-Fontaine;O;O;23/09/2016;30/12/2016;24/12/2016;;;;;;;;;;;;;;;;;
49125;Doué-en-Anjou;49047;Brigné;N;O;23/09/2016;30/12/2016;24/12/2016;;;;;;;;;;;;;;;;;
49125;Doué-en-Anjou;49104;Concourson-sur-Layon;N;O;23/09/2016;30/12/2016;24/12/2016;;;;;;;;;;;;;;;;;
49125;Doué-en-Anjou;49141;Forges;N;O;23/09/2016;30/12/2016;24/12/2016;;;;;;;;;;;;;;;;;
49125;Doué-en-Anjou;49198;Meigné;N;O;23/09/2016;30/12/2016;24/12/2016;;;;;;;;;;;;;;;;;
49125;Doué-en-Anjou;49207;Montfort;N;O;23/09/2016;30/12/2016;24/12/2016;;;;;;;;;;;;;;;;;
49125;Doué-en-Anjou;49282;Saint-Georges-sur-Layon;N;O;23/09/2016;30/12/2016;24/12/2016;;;;;;;;;;;;;;;;;
49125;Doué-en-Anjou;49365;Verchers-sur-Layon (Les);N;O;23/09/2016;30/12/2016;24/12/2016;;;;;;;;;;;;;;;;;
49167;Garennes sur Loire (Les);49167;Juigné-sur-Loire;O;O;06/09/2016;15/12/2016;24/12/2016;;;;;;;;;;;;;;;;;
49167;Garennes sur Loire (Les);49290;Saint-Jean-des-Mauvrets;N;O;06/09/2016;15/12/2016;24/12/2016;;;;;;;;;;;;;;;;;
49183;Val d'Erdre-Auxence;49183;Louroux-Béconnais (Le);O;O;30/09/2016;15/12/2016;18/01/2017;;;;;;;;;;;;;;;;;
49183;Val d'Erdre-Auxence;49108;Cornuaille (La);N;O;30/09/2016;15/12/2016;18/01/2017;;;;;;;;;;;;;;;;;
49183;Val d'Erdre-Auxence;49376;Villemoisan;N;O;30/09/2016;15/12/2016;18/01/2017;;;;;;;;;;;;;;;;;
49220;Morannes sur Sarthe-Daumeray;49220;Morannes-sur-Sarthe;O;O (*);06/09/2016;;29/10/2016;;;;;;;;;;;;;;;;;
49220;Morannes sur Sarthe-Daumeray;49119;Daumeray;N;O;06/09/2016;;29/10/2016;;;;;;;;;;;;;;;;;
49228;Noyant-Villages;49228;Noyant;O;O;07/12/2016;15/12/2016;18/01/2017;;;;;;;;;;;;;;;;;
49228;Noyant-Villages;49013;Auverse;N;O;07/12/2016;15/12/2016;18/01/2017;;;;;;;;;;;;;;;;;
49228;Noyant-Villages;49044;Breil;N;O;07/12/2016;15/12/2016;18/01/2017;;;;;;;;;;;;;;;;;
49228;Noyant-Villages;49052;Broc;N;O;07/12/2016;15/12/2016;18/01/2017;;;;;;;;;;;;;;;;;
49228;Noyant-Villages;49062;Chalonnes-sous-le-Lude;N;O;07/12/2016;15/12/2016;18/01/2017;;;;;;;;;;;;;;;;;
49228;Noyant-Villages;49087;Chavaignes;N;O;07/12/2016;15/12/2016;18/01/2017;;;;;;;;;;;;;;;;;
49228;Noyant-Villages;49098;Chigné;N;O;07/12/2016;15/12/2016;18/01/2017;;;;;;;;;;;;;;;;;
49228;Noyant-Villages;49122;Dénezé-sous-le-Lude;N;O;07/12/2016;15/12/2016;18/01/2017;;;;;;;;;;;;;;;;;
49228;Noyant-Villages;49150;Genneteil;N;O;07/12/2016;15/12/2016;18/01/2017;;;;;;;;;;;;;;;;;
49228;Noyant-Villages;49173;Lasse;N;O;07/12/2016;15/12/2016;18/01/2017;;;;;;;;;;;;;;;;;
49228;Noyant-Villages;49175;Linières-Bouton;N;O;07/12/2016;15/12/2016;18/01/2017;;;;;;;;;;;;;;;;;
49228;Noyant-Villages;49197;Meigné-le-Vicomte;N;O;07/12/2016;15/12/2016;18/01/2017;;;;;;;;;;;;;;;;;
49228;Noyant-Villages;49202;Méon;N;O;07/12/2016;15/12/2016;18/01/2017;;;;;;;;;;;;;;;;;
49228;Noyant-Villages;49234;Parçay-les-Pins;N;O;07/12/2016;15/12/2016;18/01/2017;;;;;;;;;;;;;;;;;
49248;Ombrée d'Anjou;49248;Pouancé;O;O;07/12/2016;15/12/2016;18/01/2017;;;;;;;;;;;;;;;;;
49248;Ombrée d'Anjou;49073;Chapelle-Hullin (La);N;O;07/12/2016;15/12/2016;18/01/2017;;;;;;;;;;;;;;;;;
49248;Ombrée d'Anjou;49088;Chazé-Henry;N;O;07/12/2016;15/12/2016;18/01/2017;;;;;;;;;;;;;;;;;
49248;Ombrée d'Anjou;49103;Combrée;N;O;07/12/2016;15/12/2016;18/01/2017;;;;;;;;;;;;;;;;;
49248;Ombrée d'Anjou;49156;Grugé-l'Hôpital;N;O;07/12/2016;15/12/2016;18/01/2017;;;;;;;;;;;;;;;;;
49248;Ombrée d'Anjou;49226;Noëllet;N;O;07/12/2016;15/12/2016;18/01/2017;;;;;;;;;;;;;;;;;
49248;Ombrée d'Anjou;49250;Prévière (La);N;O;07/12/2016;15/12/2016;18/01/2017;;;;;;;;;;;;;;;;;
49248;Ombrée d'Anjou;49309;Saint-Michel-et-Chanveaux;N;O;07/12/2016;15/12/2016;18/01/2017;;;;;;;;;;;;;;;;;
49248;Ombrée d'Anjou;49354;Tremblay (Le);N;O;07/12/2016;15/12/2016;18/01/2017;;;;;;;;;;;;;;;;;
49248;Ombrée d'Anjou;49366;Vergonnes;N;O;07/12/2016;15/12/2016;18/01/2017;;;;;;;;;;;;;;;;;
49331;Segré-en-Anjou Bleu;49331;Segré;O;O;28/09/2016;15/12/2016;24/12/2016;;;;;;;;;;;;;;;;;
49331;Segré-en-Anjou Bleu;49014;Aviré;N;O;28/09/2016;15/12/2016;24/12/2016;;;;;;;;;;;;;;;;;
49331;Segré-en-Anjou Bleu;49037;Bourg-d'Iré (Le);N;O;28/09/2016;15/12/2016;24/12/2016;;;;;;;;;;;;;;;;;
49331;Segré-en-Anjou Bleu;49077;Chapelle-sur-Oudon (La);N;O;28/09/2016;15/12/2016;24/12/2016;;;;;;;;;;;;;;;;;
49331;Segré-en-Anjou Bleu;49081;Châtelais;N;O;28/09/2016;15/12/2016;24/12/2016;;;;;;;;;;;;;;;;;
49331;Segré-en-Anjou Bleu;49136;Ferrière-de-Flée (La);N;O;28/09/2016;15/12/2016;24/12/2016;;;;;;;;;;;;;;;;;
49331;Segré-en-Anjou Bleu;49158;Hôtellerie-de-Flée (L');N;O;28/09/2016;15/12/2016;24/12/2016;;;;;;;;;;;;;;;;;
49331;Segré-en-Anjou Bleu;49184;Louvaines;N;O;28/09/2016;15/12/2016;24/12/2016;;;;;;;;;;;;;;;;;
49331;Segré-en-Anjou Bleu;49187;Marans;N;O;28/09/2016;15/12/2016;24/12/2016;;;;;;;;;;;;;;;;;
49331;Segré-en-Anjou Bleu;49208;Montguillon ;N;O;28/09/2016;15/12/2016;24/12/2016;;;;;;;;;;;;;;;;;
49331;Segré-en-Anjou Bleu;49229;Noyant-la-Gravoyère;N;O;28/09/2016;15/12/2016;24/12/2016;;;;;;;;;;;;;;;;;
49331;Segré-en-Anjou Bleu;49233;Nyoiseau;N;O;28/09/2016;15/12/2016;24/12/2016;;;;;;;;;;;;;;;;;
49331;Segré-en-Anjou Bleu;49277;Sainte-Gemmes-d'Andigné;N;O;28/09/2016;15/12/2016;24/12/2016;;;;;;;;;;;;;;;;;
49331;Segré-en-Anjou Bleu;49305;Saint-Martin-du-Bois;N;O;28/09/2016;15/12/2016;24/12/2016;;;;;;;;;;;;;;;;;
49331;Segré-en-Anjou Bleu;49319;Saint-Sauveur-de-Flée;N;O;28/09/2016;15/12/2016;24/12/2016;;;;;;;;;;;;;;;;;
50041;Hague (La);50041;Beaumont-Hague;O;O;27/09/2016;;24/12/2016;;;;;;;;;;;;;;;;;
50041;Hague (La);50001;Acqueville ;N;O;27/09/2016;;24/12/2016;;;;;;;;;;;;;;;;;
50041;Hague (La);50020;Auderville;N;O;27/09/2016;;24/12/2016;;;;;;;;;;;;;;;;;
50041;Hague (La);50057;Biville;N;O;27/09/2016;;24/12/2016;;;;;;;;;;;;;;;;;
50041;Hague (La);50073;Branville-Hague;N;O;27/09/2016;;24/12/2016;;;;;;;;;;;;;;;;;
50041;Hague (La);50163;Digulleville;N;O;27/09/2016;;24/12/2016;;;;;;;;;;;;;;;;;
50041;Hague (La);50171;Éculleville;N;O;27/09/2016;;24/12/2016;;;;;;;;;;;;;;;;;
50041;Hague (La);50187;Flottemanville-Hague;N;O;27/09/2016;;24/12/2016;;;;;;;;;;;;;;;;;
50041;Hague (La);50220;Gréville-Hague;N;O;27/09/2016;;24/12/2016;;;;;;;;;;;;;;;;;
50041;Hague (La);50242;Herqueville;N;O;27/09/2016;;24/12/2016;;;;;;;;;;;;;;;;;
50041;Hague (La);50257;Jobourg;N;O;27/09/2016;;24/12/2016;;;;;;;;;;;;;;;;;
50041;Hague (La);50385;Omonville-la-Petite;N;O;27/09/2016;;24/12/2016;;;;;;;;;;;;;;;;;
50041;Hague (La);50386;Omonville-la-Rogue;N;O;27/09/2016;;24/12/2016;;;;;;;;;;;;;;;;;
50041;Hague (La);50460;Sainte-Croix-Hague;N;O;27/09/2016;;24/12/2016;;;;;;;;;;;;;;;;;
50041;Hague (La);50477;Saint-Germain-des-Vaux;N;O;27/09/2016;;24/12/2016;;;;;;;;;;;;;;;;;
50041;Hague (La);50600;Tonneville;N;O;27/09/2016;;24/12/2016;;;;;;;;;;;;;;;;;
50041;Hague (La);50611;Urville-Nacqueville;N;O;27/09/2016;;24/12/2016;;;;;;;;;;;;;;;;;
50041;Hague (La);50620;Vasteville;N;O;27/09/2016;;24/12/2016;;;;;;;;;;;;;;;;;
50041;Hague (La);50623;Vauville;N;O;27/09/2016;;24/12/2016;;;;;;;;;;;;;;;;;
50095;Canisy;50095;Canisy;O;O;22/07/2016;;26/10/2016;;;;;;;;;;;;;;;;;
50095;Canisy;50465;Saint-Ébremond-de-Bonfossé;N;O;22/07/2016;;26/10/2016;;;;;;;;;;;;;;;;;
50099;Carentan les Marais;50099;Carentan les Marais;O;O (*);22/07/2016;;26/10/2016;;;;;;;;;;;;;;;;;
50099;Carentan les Marais;50080;Brévands;N;O;22/07/2016;;26/10/2016;;;;;;;;;;;;;;;;;
50099;Carentan les Marais;50534;Saint-Pellerin;N;O;22/07/2016;;26/10/2016;;;;;;;;;;;;;;;;;
50099;Carentan les Marais;50631;Veys (Les);N;O;22/07/2016;;26/10/2016;;;;;;;;;;;;;;;;;
50139;Condé-sur-Vire;50139;Condé-sur-Vire;O;O (*);22/07/2016;;29/10/2016;;;;;;;;;;;;;;;;;
50139;Condé-sur-Vire;50608;Troisgots;N;O;22/07/2016;;29/10/2016;;;;;;;;;;;;;;;;;
50260;Juvigny les Vallées;50260;Juvigny-le-Tertre;O;O;08/07/2016;;22/10/2016;;;;;;;;;;;;;;;;;
50260;Juvigny les Vallées;50037;Bazoge (La);N;O;08/07/2016;;22/10/2016;;;;;;;;;;;;;;;;;
50260;Juvigny les Vallées;50043;Bellefontaine;N;O;08/07/2016;;22/10/2016;;;;;;;;;;;;;;;;;
50260;Juvigny les Vallées;50125;Chasseguey;N;O;08/07/2016;;22/10/2016;;;;;;;;;;;;;;;;;
50260;Juvigny les Vallées;50131;Chérencé-le-Roussel;N;O;08/07/2016;;22/10/2016;;;;;;;;;;;;;;;;;
50260;Juvigny les Vallées;50318;Mesnil-Rainfray (Le);N;O;08/07/2016;;22/10/2016;;;;;;;;;;;;;;;;;
50260;Juvigny les Vallées;50323;Mesnil-Tôve (Le);N;O;08/07/2016;;22/10/2016;;;;;;;;;;;;;;;;;
50400;Picauville;50400;Picauville;O;O (*);04/07/2016;;23/07/2016;;;;;;;;;;;;;;;;;
50400;Picauville;50333;Moitiers-en-Bauptois (Les);N;O;04/07/2016;;23/07/2016;;;;;;;;;;;;;;;;;
50431;Remilly Les Marais ;50431;Remilly-sur-Lozon;O;O;05/08/2016;;23/10/2016;;;;;;;;;;;;;;;;;
50431;Remilly Les Marais;50119;Champs-de-Losque (Les);N;O;05/08/2016;;23/10/2016;;;;;;;;;;;;;;;;;
50431;Remilly Les Marais;50325;Mesnil-Vigot (Le);N;O;05/08/2016;;23/10/2016;;;;;;;;;;;;;;;;;
50444;Saint-Amand-Villages;50444;Saint-Amand;O;O;22/07/2016;;26/10/2016;;;;;;;;;;;;;;;;;
50444;Saint-Amand-Villages;50404;Placy-Montaigu;N;O;22/07/2016;;26/10/2016;;;;;;;;;;;;;;;;;
50487;Saint-James;50487;Saint-James;O;O;08/07/2016;;22/10/2016;;;;;;;;;;;;;;;;;
50487;Saint-James;50018;Argouges;N;O;08/07/2016;;22/10/2016;;;;;;;;;;;;;;;;;
50487;Saint-James;50100;Carnet;N;O;08/07/2016;;22/10/2016;;;;;;;;;;;;;;;;;
50487;Saint-James;50154;Croix-Avranchin (La);N;O;08/07/2016;;22/10/2016;;;;;;;;;;;;;;;;;
50487;Saint-James;50337;Montanel;N;O;08/07/2016;;22/10/2016;;;;;;;;;;;;;;;;;
50487;Saint-James;50627;Vergoncey;N;O;08/07/2016;;22/10/2016;;;;;;;;;;;;;;;;;
50487;Saint-James;50640;Villiers-le-Pré;N;O;08/07/2016;;22/10/2016;;;;;;;;;;;;;;;;;
51075;Bourgogne-Fresne;51075;Bourgogne;O;O;27/06/2016;;28/12/2016;;;;;;;;;;;;;;;;;
51075;Bourgogne-Fresne;51261;Fresne-lès-Reims;N;O;27/06/2016;;28/12/2016;;;;;;;;;;;;;;;;;
51171;Cormicy;51171;Cormicy;O;O;29/12/2016;;18/01/2017;;;;;;;;;;;;;;;;;
51171;Cormicy;02344;Gernicourt;N;O;29/12/2016;;18/01/2017;;;;;;;;;;;;;;;;;
52064;Bourmont-entre-Meuse-et-Mouzon;52064;Bourmont;O;O;23/05/2016;01/06/2016;20/07/2016;;;;;;;;;;;;;;;;;
52064;Bourmont-entre-Meuse-et-Mouzon;52351;Nijon;N;O;23/05/2016;01/06/2016;20/07/2016;;;;;;;;;;;;;;;;;
52140;Colombey les Deux Églises;52140;Colombey-les-Deux-Églises;O;O;30/11/2016;;18/01/2017;;;;;;;;;;;;;;;;;
52140;Colombey les Deux Églises;52262;Lamothe-en-Blaisy;N;O;30/11/2016;;18/01/2017;;;;;;;;;;;;;;;;;
53017;Val-du-Maine;53017;Ballée;O;O;22/07/2016;;27/10/2016;;;;;;;;;;;;;;;;;
53017;Val-du-Maine;53095;Épineux-le-Seguin;N;O;22/07/2016;;27/10/2016;;;;;;;;;;;;;;;;;
53161;Montsûrs-Saint-Céneré;53161;Montsûrs;O;O;29/09/2016;;24/12/2016;;;;;;;;;;;;;;;;;
53161;Montsûrs-Saint-Céneré;53205;Saint-Céneré;N;O;29/09/2016;;24/12/2016;;;;;;;;;;;;;;;;;
53228;Blandouet-Saint Jean;53228;Saint-Jean-sur-Erve;O;O;02/06/2016;;20/07/2016;;;;;;;;;;;;;;;;;
53228;Blandouet-Saint Jean;53032;Blandouet;N;O;02/06/2016;;20/07/2016;;;;;;;;;;;;;;;;;
54099;Val de Briey;54099;Briey;O;O;28/06/2016;;26/10/2016;;;;;;;;;;;;;;;;;
54099;Val de Briey;54341;Mance;N;O;28/06/2016;;26/10/2016;;;;;;;;;;;;;;;;;
54099;Val de Briey;54342;Mancieulles;N;O;28/06/2016;;26/10/2016;;;;;;;;;;;;;;;;;
56033;Carentoir;56033;Carentoir;O;N;25/10/2016;;24/12/2016;;;;;;;;;;;;;;;;;
56033;Carentoir;56183;Quelneuc;N;O;25/10/2016;;24/12/2016;;;;;;;;;;;;;;;;;
56061;Gacilly (La);56061;Gacilly (La);O;O;13/07/2016;;24/12/2016;;;;;;;;;;;;;;;;;
56061;Gacilly (La);56038;Chapelle-Gaceline (La);N;O;13/07/2016;;24/12/2016;;;;;;;;;;;;;;;;;
56061;Gacilly (La);56064;Glénac;N;O;13/07/2016;;24/12/2016;;;;;;;;;;;;;;;;;
57148;Colligny-Maizery;57148;Colligny;O;O;29/04/2016;01/06/2016;20/07/2016;;;;;;;;;;;;;;;;;
57148;Colligny-Maizery;57432;Maizery;N;O;29/04/2016;01/06/2016;20/07/2016;;;;;;;;;;;;;;;;;
57482;Ogy-Montoy-Flanville;57482;Montoy-Flanville;O;O;22/12/2016;;18/01/2017;;;;;;;;;;;;;;;;;
57482;Ogy-Montoy-Flanville;57523;Ogy;N;O;22/12/2016;;18/01/2017;;;;;;;;;;;;;;;;;
58204;Vaux d'Amognes;58204;Ourouër;O;O;06/07/2016;;24/12/2016;;;;;;;;;;;;;;;;;
58204;Vaux d'Amognes;58022;Balleray;N;O;06/07/2016;;24/12/2016;;;;;;;;;;;;;;;;;
60029;Auneuil;60029;Auneuil;O;O;30/12/2016;;18/01/2017;;;;;;;;;;;;;;;;;
60029;Auneuil;60649;Troussures;N;O;30/12/2016;;18/01/2017;;;;;;;;;;;;;;;;;
60196;Drenne (La);60196;Déluge (Le);O;O;27/05/2016;;20/07/2016;;;;;;;;;;;;;;;;;
60196;Drenne (La);60453;Neuville-d'Aumont (La);N;O;27/05/2016;;20/07/2016;;;;;;;;;;;;;;;;;
60196;Drenne (La);60532;Ressons-l'Abbaye;N;O;27/05/2016;;20/07/2016;;;;;;;;;;;;;;;;;
61168;Ferté Macé (La);61168;Ferté-Macé (La);O;N;12/01/2016;12/01/2016;24/02/2016;;;;;;;;;;;;;;;;;
61168;Ferté Macé (La);61004;Antoigny;N;O;12/01/2016;12/01/2016;24/02/2016;;;;;;;;;;;;;;;;;
61196;Belforêt-en-Perche;61196;Gué-de-la-Chaîne (Le);O;O;08/08/2016;;27/10/2016;;;;;;;;;;;;;;;;;
61196;Belforêt-en-Perche;61154;Eperrais;N;O;08/08/2016;;27/10/2016;;;;;;;;;;;;;;;;;
61196;Belforêt-en-Perche;61318;Origny-le-Butin;N;O;08/08/2016;;27/10/2016;;;;;;;;;;;;;;;;;
61196;Belforêt-en-Perche;61325;Perrière (La);N;O;08/08/2016;;27/10/2016;;;;;;;;;;;;;;;;;
61196;Belforêt-en-Perche;61437;Saint-Ouen-de-la-Cour;N;O;08/08/2016;;27/10/2016;;;;;;;;;;;;;;;;;
61196;Belforêt-en-Perche;61471;Sérigny;N;O;08/08/2016;;27/10/2016;;;;;;;;;;;;;;;;;
61474;Gouffern en Auge;61474;Silly-en-Gouffern;O;O;06/10/2016;;18/01/2017;;;;;;;;;;;;;;;;;
61474;Gouffern en Auge;61009;Aubry-en-Exmes;N;O;06/10/2016;;18/01/2017;;;;;;;;;;;;;;;;;
61474;Gouffern en Auge;61019;Avernes-sous-Exmes;N;O;06/10/2016;;18/01/2017;;;;;;;;;;;;;;;;;
61474;Gouffern en Auge;61057;Bourg-Saint-Léonard (Le);N;O;06/10/2016;;18/01/2017;;;;;;;;;;;;;;;;;
61474;Gouffern en Auge;61083;Chambois;N;O;06/10/2016;;18/01/2017;;;;;;;;;;;;;;;;;
61474;Gouffern en Auge;61110;Cochère (La);N;O;06/10/2016;;18/01/2017;;;;;;;;;;;;;;;;;
61474;Gouffern en Auge;61131;Courménil;N;O;06/10/2016;;18/01/2017;;;;;;;;;;;;;;;;;
61474;Gouffern en Auge;61157;Exmes;N;O;06/10/2016;;18/01/2017;;;;;;;;;;;;;;;;;
61474;Gouffern en Auge;61161;Fel;N;O;06/10/2016;;18/01/2017;;;;;;;;;;;;;;;;;
61474;Gouffern en Auge;61315;Omméel;N;O;06/10/2016;;18/01/2017;;;;;;;;;;;;;;;;;
61474;Gouffern en Auge;61449;Saint-Pierre-la-Rivière;N;O;06/10/2016;;18/01/2017;;;;;;;;;;;;;;;;;
61474;Gouffern en Auge;61477;Survie;N;O;06/10/2016;;18/01/2017;;;;;;;;;;;;;;;;;
61474;Gouffern en Auge;61496;Urou-et-Crennes;N;O;06/10/2016;;18/01/2017;;;;;;;;;;;;;;;;;
61474;Gouffern en Auge;61504;Villebadin;N;O;06/10/2016;;18/01/2017;;;;;;;;;;;;;;;;;
62295;Enquin-lez-Guinegatte;62295;Enquin-les-Mines;O;O;30/06/2016;;23/07/2016;;;;;;;;;;;;;;;;;
62295;Enquin-lez-Guinegatte;62294;Enguinegatte;N;O;30/06/2016;;23/07/2016;;;;;;;;;;;;;;;;;
62471;Bellinghem;62471;Inghem;O;O;31/05/2016;01/09/2016;23/07/2016;;;;;;;;;;;;;;;;;
62471;Bellinghem;62431;Herbelles;N;O;31/05/2016;01/09/2016;23/07/2016;;;;;;;;;;;;;;;;;
64225;Ance Féas;64225;Féas;O;O;19/07/2016;;18/01/2017;;;;;;;;;;;;;;;;;
64225;Ance Féas;64020;Ance;N;O;19/07/2016;;18/01/2017;;;;;;;;;;;;;;;;;
65081;Benqué-Molère;65081;Benqué;O;N;21/07/2016;;27/10/2016;;;;;;;;;;;;;;;;;
65081;Benqué-Molère;65312;Molère;N;N;21/07/2016;;27/10/2016;;;;;;;;;;;;;;;;;
65399;Saligos;65399;Saligos;O;N;14/09/2016;;27/10/2016;;;;;;;;;;;;;;;;;
65399;Saligos;65480;Vizos;N;N;14/09/2016;;27/10/2016;;;;;;;;;;;;;;;;;
67202;Hochfelden;67202;Hochfelden;O;N;30/06/2016;;23/07/2016;;;;;;;;;;;;;;;;;
67202;Hochfelden;67439;Schaffhouse-sur-Zorn;N;O;30/06/2016;;23/07/2016;;;;;;;;;;;;;;;;;
69024;Val d'Oingt;69024;Bois-d'Oingt (Le);O;O;22/09/2016;;22/10/2016;;;;;;;;;;;;;;;;;
69024;Val d'Oingt;69146;Oingt;N;O;22/09/2016;;22/10/2016;;;;;;;;;;;;;;;;;
69024;Val d'Oingt;69222;Saint-Laurent-d'Oingt;N;O;22/09/2016;;22/10/2016;;;;;;;;;;;;;;;;;
69159;Porte des Pierres Dorées;69159;Pouilly-le-Monial;O;O;22/09/2016;;26/10/2016;;;;;;;;;;;;;;;;;
69159;Porte des Pierres Dorées;69114;Liergues;N;O;22/09/2016;;26/10/2016;;;;;;;;;;;;;;;;;
69228;Chabanière;69228;Saint-Maurice-sur-Dargoire;O;O;05/10/2016;;24/12/2016;;;;;;;;;;;;;;;;;
69228;Chabanière;69195;Saint-Didier-sous-Riverie;N;O;05/10/2016;;24/12/2016;;;;;;;;;;;;;;;;;
69228;Chabanière;69237;Saint-Sorlin;N;O;05/10/2016;;24/12/2016;;;;;;;;;;;;;;;;;
70489;Servance-Miellin;70489;Servance;O;O;26/09/2016;;18/01/2017;;;;;;;;;;;;;;;;;
70489;Servance-Miellin;70345;Miellin;N;O;26/09/2016;;18/01/2017;;;;;;;;;;;;;;;;;
71582;Vineuse sur Fregande (La);71582;Vineuse (La);O;O;28/07/2016;;27/10/2016;;;;;;;;;;;;;;;;;
71582;Vineuse sur Fregande (La);71180;Donzy-le-National;N;O;28/07/2016;;27/10/2016;;;;;;;;;;;;;;;;;
71582;Vineuse sur Fregande (La);71288;Massy;N;O;28/07/2016;;27/10/2016;;;;;;;;;;;;;;;;;
71582;Vineuse sur Fregande (La);71587;Vitry-lès-Cluny;N;O;28/07/2016;;27/10/2016;;;;;;;;;;;;;;;;;
72025;Bazouges Cré sur Loir;72025;Bazouges-sur-le-Loir;O;O;16/12/2016;;18/01/2017;;;;;;;;;;;;;;;;;
72025;Bazouges Cré sur Loir;72108;Cré-sur-Loir;N;O;16/12/2016;;18/01/2017;;;;;;;;;;;;;;;;;
72071;Montval-sur-Loir;72071;Château-du-Loir;O;O;28/06/2016;01/10/2016;23/07/2016;;;;;;;;;;;;;;;;;
72071;Montval-sur-Loir;72203;Montabon;N;O;28/06/2016;01/10/2016;23/07/2016;;;;;;;;;;;;;;;;;
72071;Montval-sur-Loir;72384;Vouvray-sur-Loir;N;O;28/06/2016;01/10/2016;23/07/2016;;;;;;;;;;;;;;;;;
72262;Loir en Vallée;72262;Ruillé-sur-Loir;O;O;16/12/2016;;18/01/2017;;;;;;;;;;;;;;;;;
72262;Loir en Vallée;72063;Chapelle-Gaugain (La);N;O;16/12/2016;;18/01/2017;;;;;;;;;;;;;;;;;
72262;Loir en Vallée;72159;Lavenay;N;O;16/12/2016;;18/01/2017;;;;;;;;;;;;;;;;;
72262;Loir en Vallée;72240;Poncé-sur-le-Loir;N;O;16/12/2016;;18/01/2017;;;;;;;;;;;;;;;;;
72308;Saint-Paterne - Le Chevain;72308;Saint-Paterne;O;O;28/09/2016;;24/12/2016;;;;;;;;;;;;;;;;;
72308;Saint-Paterne - Le Chevain;72082;Chevain (Le);N;O;28/09/2016;;24/12/2016;;;;;;;;;;;;;;;;;
73227;Courchevel;73227;Saint-Bon-Tarentaise;O;O;08/08/2016;;28/10/2016;;;;;;;;;;;;;;;;;
73227;Courchevel;73198;Perrière (La);N;O;08/08/2016;;28/10/2016;;;;;;;;;;;;;;;;;
73235;Saint François Longchamp;73235;Saint-François-Longchamp;O;O;19/12/2017;;18/01/2017;;;;;;;;;;;;;;;;;
73235;Saint François Longchamp;73163;Montaimont;N;O;19/12/2017;;18/01/2017;;;;;;;;;;;;;;;;;
73235;Saint François Longchamp;73167;Montgellafrey;N;O;19/12/2017;;18/01/2017;;;;;;;;;;;;;;;;;
73290;Val-Cenis;73290;Termignon;O;O;08/08/2016;;27/10/2016;;;;;;;;;;;;;;;;;
73290;Val-Cenis;73056;Bramans;N;O;08/08/2016;;27/10/2016;;;;;;;;;;;;;;;;;
73290;Val-Cenis;73143;Lanslebourg-Mont-Cenis;N;O;08/08/2016;;27/10/2016;;;;;;;;;;;;;;;;;
73290;Val-Cenis;73144;Lanslevillard;N;O;08/08/2016;;27/10/2016;;;;;;;;;;;;;;;;;
73290;Val-Cenis;73287;Sollières-Sardières;N;O;08/08/2016;;27/10/2016;;;;;;;;;;;;;;;;;
74010;Annecy;74010;Annecy;O;O;14/07/2016;;28/10/2016;;;;;;;;;;;;;;;;;
74010;Annecy;74011;Annecy-le-Vieux;N;O;14/07/2016;;28/10/2016;;;;;;;;;;;;;;;;;
74010;Annecy;74093;Cran-Gevrier;N;O;14/07/2016;;28/10/2016;;;;;;;;;;;;;;;;;
74010;Annecy;74182;Meythet;N;O;14/07/2016;;28/10/2016;;;;;;;;;;;;;;;;;
74010;Annecy;74217;Pringy;N;O;14/07/2016;;28/10/2016;;;;;;;;;;;;;;;;;
74010;Annecy;74268;Seynod;N;O;14/07/2016;;28/10/2016;;;;;;;;;;;;;;;;;
74282;Fillière;74282;Thorens-Glières;O;O;27/05/2016;;20/07/2016;;;;;;;;;;;;;;;;;
74282;Fillière;74022;Aviernoz ;N;O;27/05/2016;;20/07/2016;;;;;;;;;;;;;;;;;
74282;Fillière;74120;Évires;N;O;27/05/2016;;20/07/2016;;;;;;;;;;;;;;;;;
74282;Fillière;74204;Ollières (Les);N;O;27/05/2016;;20/07/2016;;;;;;;;;;;;;;;;;
74282;Fillière;74245;Saint-Martin-Bellevue;N;O;27/05/2016;;20/07/2016;;;;;;;;;;;;;;;;;
76146;Buchy;76146;Buchy;O;O;15/11/2016;;28/12/2016;;;;;;;;;;;;;;;;;
76146;Buchy;76127;Bosc-Roger-sur-Buchy;N;O;15/11/2016;;28/12/2016;;;;;;;;;;;;;;;;;
76146;Buchy;76248;Estouteville-Écalles;N;O;15/11/2016;;28/12/2016;;;;;;;;;;;;;;;;;
76258;Terres-de-Caux;76258;Fauville-en-Caux;O;O;12/09/2016;;24/12/2016;;;;;;;;;;;;;;;;;
76258;Terres-de-Caux;76044;Auzouville-Auberbosc;N;O;12/09/2016;;24/12/2016;;;;;;;;;;;;;;;;;
76258;Terres-de-Caux;76078;Bennetot;N;O;12/09/2016;;24/12/2016;;;;;;;;;;;;;;;;;
76258;Terres-de-Caux;76080;Bermonville;N;O;12/09/2016;;24/12/2016;;;;;;;;;;;;;;;;;
76258;Terres-de-Caux;76525;Ricarville;N;O;12/09/2016;;24/12/2016;;;;;;;;;;;;;;;;;
76258;Terres-de-Caux;76607;Sainte-Marguerite-sur-Fauville;N;O;12/09/2016;;24/12/2016;;;;;;;;;;;;;;;;;
76258;Terres-de-Caux;76639;Saint-Pierre-Lavis;N;O;12/09/2016;;24/12/2016;;;;;;;;;;;;;;;;;
77316;Moret-Loing-et-Orvanne;77316;Moret Loing et Orvanne;O;O (*);26/12/2016;;18/01/2017;;;;;;;;;;;;;;;;;
77316;Moret-Loing-et-Orvanne;77491;Veneux-les-Sablons;N;O;26/12/2016;;18/01/2017;;;;;;;;;;;;;;;;;
79063;Val en Vignes;79063;Cersay;O;O;24/11/2016;;28/12/2016;;;;;;;;;;;;;;;;;
79063;Val en Vignes;79044;Bouillé-Saint-Paul;N;O;24/11/2016;;28/12/2016;;;;;;;;;;;;;;;;;
79063;Val en Vignes;79168;Massais;N;O;24/11/2016;;28/12/2016;;;;;;;;;;;;;;;;;
79136;Alloinay;79136;Gournay-Loizé;O;N;08/04/2016;;22/07/2016;;;;;;;;;;;;;;;;;
79136;Alloinay;79006;Alleuds (Les);N;O;08/04/2016;;22/07/2016;;;;;;;;;;;;;;;;;
79185;Mougon-Thorigné;79185;Mougon;O;O;29/11/2016;;28/12/2016;;;;;;;;;;;;;;;;;
79185;Mougon-Thorigné;79327;Thorigné;N;O;29/11/2016;;28/12/2016;;;;;;;;;;;;;;;;;
80295;Étinehem-Méricourt;80295;Étinehem;O;O;11/07/2016;;28/10/2016;;;;;;;;;;;;;;;;;
80295;Étinehem-Méricourt;80532;Méricourt-sur-Somme;N;O;11/07/2016;;28/10/2016;;;;;;;;;;;;;;;;;
80621;Hypercourt;80621;Pertain;O;O;25/05/2016;;23/07/2016;;;;;;;;;;;;;;;;;
80621;Hypercourt;80447;Hyencourt-le-Grand;N;O;25/05/2016;;23/07/2016;;;;;;;;;;;;;;;;;
80621;Hypercourt;80608;Omiécourt;N;O;25/05/2016;;23/07/2016;;;;;;;;;;;;;;;;;
81218;Puygouzon;81218;Puygouzon;O;N;11/07/2016;;28/12/2016;;;;;;;;;;;;;;;;;
81218;Puygouzon;81113;Labastide-Dénat;N;O;11/07/2016;;28/12/2016;;;;;;;;;;;;;;;;;
85009;Auchay-sur-Vendée;85009;Auzay;O;O;04/08/2016;;21/10/2016;;;;;;;;;;;;;;;;;
85009;Auchay-sur-Vendée;85044;Chaix;N;O;04/08/2016;;21/10/2016;;;;;;;;;;;;;;;;;
85152;Achards (Les);85152;Mothe-Achard (La);O;O;30/09/2016;;27/12/2016;;;;;;;;;;;;;;;;;
85152;Achards (Les);85052;Chapelle-Achard (La);N;O;30/09/2016;;27/12/2016;;;;;;;;;;;;;;;;;
86019;Beaumont Saint-Cyr;86019;Beaumont;O;O;16/06/2016;;23/10/2016;;;;;;;;;;;;;;;;;
86019;Beaumont Saint-Cyr;86219;Saint-Cyr;N;O;16/06/2016;;23/10/2016;;;;;;;;;;;;;;;;;
86053;Champigny en Rochereau;86053;Champigny-le-Sec;O;O;19/07/2016;;26/10/2016;;;;;;;;;;;;;;;;;
86053;Champigny en Rochereau;86208;Rochereau (Le);N;O;19/07/2016;;26/10/2016;;;;;;;;;;;;;;;;;
86115;Jaunay-Marigny;86115;Jaunay-Clan;O;O;19/07/2016;;22/10/2016;;;;;;;;;;;;;;;;;
86115;Jaunay-Marigny;86146;Marigny-Brizay;N;O;19/07/2016;;22/10/2016;;;;;;;;;;;;;;;;;
86281;Saint Martin la Pallu;86281;Vendeuvre-du-Poitou;O;O;19/07/2016;;27/10/2016;;;;;;;;;;;;;;;;;
86281;Saint Martin la Pallu;86030;Blaslay;N;O;19/07/2016;;27/10/2016;;;;;;;;;;;;;;;;;
86281;Saint Martin la Pallu;86060;Charrais;N;O;19/07/2016;;27/10/2016;;;;;;;;;;;;;;;;;
86281;Saint Martin la Pallu;86071;Cheneché;N;O;19/07/2016;;27/10/2016;;;;;;;;;;;;;;;;;
88029;Vôge-les-Bains (La);88029;Bains-les-Bains;O;O;05/12/2016;;18/01/2017;;;;;;;;;;;;;;;;;
88029;Vôge-les-Bains (La);88234;Harsault;N;O;05/12/2016;;18/01/2017;;;;;;;;;;;;;;;;;
88029;Vôge-les-Bains (La);88235;Hautmougey;N;O;05/12/2016;;18/01/2017;;;;;;;;;;;;;;;;;
88475;Tollaincourt;88475;Tollaincourt;O;N;19/09/2016;;27/10/2016;;;;;;;;;;;;;;;;;
88475;Tollaincourt;88392;Rocourt;N;N;19/09/2016;;27/10/2016;;;;;;;;;;;;;;;;;
89003;Montholon;89003;Aillant-sur-Tholon;O;O;01/04/2016;;22/07/2016;;;;;;;;;;;;;;;;;
89003;Montholon;89078;Champvallon ;N;O;01/04/2016;;22/07/2016;;;;;;;;;;;;;;;;;
89003;Montholon;89473;Villiers-sur-Tholon;N;O;01/04/2016;;22/07/2016;;;;;;;;;;;;;;;;;
89003;Montholon;89484;Volgré ;N;O;01/04/2016;;22/07/2016;;;;;;;;;;;;;;;;;
89130;Deux Rivières;89130;Cravant;O;O;26/04/2016;;22/07/2016;;;;;;;;;;;;;;;;;
89130;Deux Rivières;89001;Accolay;N;O;26/04/2016;;22/07/2016;;;;;;;;;;;;;;;;;
89405;Hauts de Forterre (Les);89405;Taingy;O;O;16/08/2016;;27/10/2016;;;;;;;;;;;;;;;;;
89405;Hauts de Forterre (Les);89174;Fontenailles;N;O;16/08/2016;;27/10/2016;;;;;;;;;;;;;;;;;
89405;Hauts de Forterre (Les);89260;Molesmes;N;O;16/08/2016;;27/10/2016;;;;;;;;;;;;;;;;;
;;;;;;;;;;;;;;;;;;;;;;;;;
;;;;;"     O (*) : maintien des communes déléguées de la commune nouvelle préexistante 
";;;;;;;;;;;;;;;;;;;;
;;;;;;;;;;;;;;;;;;;;;;;;;
;;;;;;;;;;;;;;;;;;;;;;;;;
;;;;;;;;;;;;;;;;;;;;;;;;;
;;;;;;;;;;;;;;;;;;;;;;;;;
;;;;;;;;;;;;;;;;;;;;;;;;;
;;;;;;;;;;;;;;;;;;;;;;;;;
;;;;;;;;;;;;;;;;;;;;;;;;;
;;;;;;;;;;;;;;;;;;;;;;;;;
;;;;;;;;;;;;;;;;;;;;;;;;;
;;;;;;;;;;;;;;;;;;;;;;;;;
;;;;;;;;;;;;;;;;;;;;;;;;;
;;;;;;;;;;;;;;;;;;;;;;;;;
;;;;;;;;;;;;;;;;;;;;;;;;;
;;;;;;;;;;;;;;;;;;;;;;;;;
;;;;;;;;;;;;;;;;;;;;;;;;;
;;;;;;;;;;;;;;;;;;;;;;;;;
;;;;;;;;;;;;;;;;;;;;;;;;;
;;;;;;;;;;;;;;;;;;;;;;;;;
;;;;;;;;;;;;;;;;;;;;;;;;;
;;;;;;;;;;;;;;;;;;;;;;;;;
;;;;;;;;;;;;;;;;;;;;;;;;;
;;;;;;;;;;;;;;;;;;;;;;;;;
;;;;;;;;;;;;;;;;;;;;;;;;;